source,label,participant,clip,total_frames,hand_frames,hand_rate,duration_s,flat_frac,centroid_z,flags,npz
wlasl,WATER,WLASL_121,70069_2,104,24,0.231,3.47,0.81,6.43,"LOW_HAND_RATE,CORRUPT_FRAMES,FAR_FROM_WORD",train__WATER__WLASL_121__wlasl_70069_2.npz
aslcitizen,BYE,P40,9404479880375034-BYE,110,31,0.282,3.67,0.591,3.45,"LOW_HAND_RATE,CORRUPT_FRAMES,FAR_FROM_WORD",train__BYE__P40__9404479880375034-BYE.npz
wlasl,MORE,WLASL_64,36837_9,110,35,0.318,3.67,1.0,3.27,"LOW_HAND_RATE,CORRUPT_FRAMES,FAR_FROM_WORD",train__MORE__WLASL_64__wlasl_36837_9.npz
wlasl,SORRY,WLASL_121,70225_1,93,33,0.355,3.1,0.474,5.15,"LOW_HAND_RATE,CORRUPT_FRAMES,FAR_FROM_WORD",train__SORRY__WLASL_121__wlasl_70225_1.npz
wlasl,SORRY,WLASL_38,53366_10,109,39,0.358,3.64,0.591,5.67,"LOW_HAND_RATE,CORRUPT_FRAMES,FAR_FROM_WORD",train__SORRY__WLASL_38__wlasl_53366_10.npz
aslcitizen,YES,P46,9953610281521326-YES,664,264,0.398,22.13,0.0,5.3,"LOW_HAND_RATE,TOO_LONG,FAR_FROM_WORD",train__YES__P46__9953610281521326-YES.npz
wlasl,HOW,WLASL_121,70295_2,94,38,0.404,3.14,0.947,5.98,"LOW_HAND_RATE,CORRUPT_FRAMES,FAR_FROM_WORD",train__HOW__WLASL_121__wlasl_70295_2.npz
wlasl,BATHROOM,WLASL_64,05307_11,144,3,0.021,4.8,1.0,0.17,"LOW_HAND_RATE,CORRUPT_FRAMES",train__BATHROOM__WLASL_64__wlasl_05307_11.npz
wlasl,WHY,WLASL_121,70213_2,87,2,0.023,2.9,0.278,0.32,"LOW_HAND_RATE,CORRUPT_FRAMES",train__WHY__WLASL_121__wlasl_70213_2.npz
aslcitizen,WHAT,P42,8918099698038209-WHAT 1,63,15,0.238,2.06,0.692,-0.26,"LOW_HAND_RATE,CORRUPT_FRAMES",test__WHAT__P42__8918099698038209-WHAT 1.npz
aslcitizen,WHAT,P42,6451705780589494-WHAT 2,71,18,0.254,2.37,0.667,-0.24,"LOW_HAND_RATE,CORRUPT_FRAMES",test__WHAT__P42__6451705780589494-WHAT 2.npz
aslcitizen,DRINK,P9,06473784191201326-DRINK,93,24,0.258,3.1,0.0,3.56,"LOW_HAND_RATE,FAR_FROM_WORD",test__DRINK__P9__06473784191201326-DRINK.npz
aslcitizen,DEAF,P33,907697426338528-DEAF 2,211,57,0.27,6.95,0.0,4.01,"LOW_HAND_RATE,FAR_FROM_WORD",train__DEAF__P33__907697426338528-DEAF 2.npz
aslcitizen,NO,P40,5082858473744953-NO,95,27,0.284,3.17,1.0,-0.05,"LOW_HAND_RATE,CORRUPT_FRAMES",train__NO__P40__5082858473744953-NO.npz
wlasl,HURT,WLASL_121,70147_1,134,39,0.291,4.47,0.259,0.3,"LOW_HAND_RATE,CORRUPT_FRAMES",train__HURT__WLASL_121__wlasl_70147_1.npz
aslcitizen,UNDERSTAND,P7,6593382490905721-UNDERSTAND,85,25,0.294,2.8,0.0,3.57,"LOW_HAND_RATE,FAR_FROM_WORD",train__UNDERSTAND__P7__6593382490905721-UNDERSTAND.npz
wlasl,THANKYOU,WLASL_82,57663_6,89,27,0.303,2.97,0.0,9.95,"LOW_HAND_RATE,FAR_FROM_WORD",train__THANKYOU__WLASL_82__wlasl_57663_6.npz
aslcitizen,HURT,P9,14205958632175242-HURT,167,52,0.311,5.57,0.0,4.6,"LOW_HAND_RATE,FAR_FROM_WORD",test__HURT__P9__14205958632175242-HURT.npz
aslcitizen,NAME,P33,68008701658875-NAME,154,51,0.331,5.13,0.0,3.16,"LOW_HAND_RATE,FAR_FROM_WORD",train__NAME__P33__68008701658875-NAME.npz
wlasl,HUNGRY,WLASL_9,28375_0,60,20,0.333,2.4,1.0,-0.02,"LOW_HAND_RATE,CORRUPT_FRAMES",train__HUNGRY__WLASL_9__wlasl_28375_0.npz
aslcitizen,THANKYOU,P40,7535449770372906-THANK YOU,92,31,0.337,3.07,0.947,0.78,"LOW_HAND_RATE,CORRUPT_FRAMES",train__THANKYOU__P40__7535449770372906-THANK YOU.npz
aslcitizen,DEAF,P26,022399356029200845-DEAF 2,86,29,0.337,2.87,0.0,3.81,"LOW_HAND_RATE,FAR_FROM_WORD",val__DEAF__P26__022399356029200845-DEAF 2.npz
aslcitizen,WATER,P31,0020247732352038916-WATER,125,43,0.344,4.17,0.0,5.02,"LOW_HAND_RATE,FAR_FROM_WORD",train__WATER__P31__0020247732352038916-WATER.npz
aslcitizen,BYE,P26,2889010159260097-BYE,46,16,0.348,1.5,0.7,0.94,"LOW_HAND_RATE,CORRUPT_FRAMES",val__BYE__P26__2889010159260097-BYE.npz
wlasl,NAME,WLASL_5,37587_4,74,26,0.351,2.47,1.0,0.13,"LOW_HAND_RATE,CORRUPT_FRAMES",train__NAME__WLASL_5__wlasl_37587_4.npz
aslcitizen,PAIN,P49,46245201069940745-PAIN,76,27,0.355,2.53,0.688,-0.01,"LOW_HAND_RATE,CORRUPT_FRAMES",test__PAIN__P49__46245201069940745-PAIN.npz
aslcitizen,WHO,P33,05073186101305538-WHO,138,49,0.355,4.54,0.0,3.46,"LOW_HAND_RATE,FAR_FROM_WORD",train__WHO__P33__05073186101305538-WHO.npz
aslcitizen,BYE,P37,5723102083146778-BYE,54,20,0.37,1.76,0.727,-0.94,"LOW_HAND_RATE,CORRUPT_FRAMES",train__BYE__P37__5723102083146778-BYE.npz
wlasl,WHERE,WLASL_70,63083_12,71,27,0.38,2.37,1.0,1.71,"LOW_HAND_RATE,CORRUPT_FRAMES",train__WHERE__WLASL_70__wlasl_63083_12.npz
wlasl,YES,WLASL_4,64283_23,21,8,0.381,0.88,1.0,-0.25,"LOW_HAND_RATE,CORRUPT_FRAMES",train__YES__WLASL_4__wlasl_64283_23.npz
aslcitizen,HELLO,P9,7472491282176557-HELLO,128,50,0.391,4.27,0.0,4.1,"LOW_HAND_RATE,FAR_FROM_WORD",test__HELLO__P9__7472491282176557-HELLO.npz
aslcitizen,HOW,P49,9380222416073931-HOW 2,35,14,0.4,2.33,1.0,-0.37,"LOW_HAND_RATE,CORRUPT_FRAMES",test__HOW__P49__9380222416073931-HOW 2.npz
aslcitizen,WHAT,P40,027816838285841916-WHAT 2,80,32,0.4,2.63,1.0,-0.25,"LOW_HAND_RATE,CORRUPT_FRAMES",train__WHAT__P40__027816838285841916-WHAT 2.npz
aslcitizen,HOW,P8,8370733641565598-HOW,78,32,0.41,2.6,0.625,-0.76,"LOW_HAND_RATE,CORRUPT_FRAMES",train__HOW__P8__8370733641565598-HOW.npz
wlasl,WHY,WLASL_36,63281_16,73,30,0.411,2.44,0.0,4.14,"LOW_HAND_RATE,FAR_FROM_WORD",train__WHY__WLASL_36__wlasl_63281_16.npz
aslcitizen,STOP,P49,6864058804402533-STOP,68,28,0.412,2.27,1.0,-0.38,"LOW_HAND_RATE,CORRUPT_FRAMES",test__STOP__P49__6864058804402533-STOP.npz
wlasl,DRINK,WLASL_52,17711_19,80,33,0.412,2.67,1.0,-0.14,"LOW_HAND_RATE,CORRUPT_FRAMES",train__DRINK__WLASL_52__wlasl_17711_19.npz
wlasl,DEAF,WLASL_121,70015_1,92,38,0.413,3.07,0.526,2.31,"LOW_HAND_RATE,CORRUPT_FRAMES",train__DEAF__WLASL_121__wlasl_70015_1.npz
aslcitizen,SICK,P9,5515681081506727-SICK,94,39,0.415,3.14,0.0,5.15,"LOW_HAND_RATE,FAR_FROM_WORD",test__SICK__P9__5515681081506727-SICK.npz
wlasl,THANKYOU,WLASL_46,57655_9,74,31,0.419,2.47,1.0,0.56,"LOW_HAND_RATE,CORRUPT_FRAMES",train__THANKYOU__WLASL_46__wlasl_57655_9.npz
aslcitizen,HELP,P49,3000270038189985-HELP,71,30,0.423,2.37,0.4,-0.27,"LOW_HAND_RATE,CORRUPT_FRAMES",test__HELP__P49__3000270038189985-HELP.npz
aslcitizen,STOP,P15,31921160795841863-STOP,164,70,0.427,5.47,0.0,4.53,"LOW_HAND_RATE,FAR_FROM_WORD",test__STOP__P15__31921160795841863-STOP.npz
wlasl,WHO,WLASL_4,63229_11,46,20,0.435,1.92,1.0,-0.7,"LOW_HAND_RATE,CORRUPT_FRAMES",train__WHO__WLASL_4__wlasl_63229_11.npz
wlasl,WAIT,WLASL_5,62109_16,99,44,0.444,3.3,1.0,0.16,"LOW_HAND_RATE,CORRUPT_FRAMES",train__WAIT__WLASL_5__wlasl_62109_16.npz
aslcitizen,WHAT,P49,9155674205578053-WHAT 2,65,29,0.446,2.17,0.385,-0.22,"LOW_HAND_RATE,CORRUPT_FRAMES",test__WHAT__P49__9155674205578053-WHAT 2.npz
aslcitizen,EAT,P20,7042482718098351-EAT 2,87,39,0.448,2.84,1.0,-0.51,"LOW_HAND_RATE,CORRUPT_FRAMES",train__EAT__P20__7042482718098351-EAT 2.npz
wlasl,BATHROOM,WLASL_5,58737_12,69,31,0.449,2.3,1.0,-0.61,"LOW_HAND_RATE,CORRUPT_FRAMES",train__BATHROOM__WLASL_5__wlasl_58737_12.npz
wlasl,EAT,WLASL_5,18332_11,69,31,0.449,2.3,1.0,1.26,"LOW_HAND_RATE,CORRUPT_FRAMES",train__EAT__WLASL_5__wlasl_18332_11.npz
wlasl,WHO,WLASL_59,63232_15,154,70,0.455,5.13,0.0,3.02,"LOW_HAND_RATE,FAR_FROM_WORD",train__WHO__WLASL_59__wlasl_63232_15.npz
aslcitizen,STOP,P40,07893366237759558-STOP,74,34,0.459,2.43,1.0,-0.54,"LOW_HAND_RATE,CORRUPT_FRAMES",train__STOP__P40__07893366237759558-STOP.npz
wlasl,WHY,WLASL_4,63284_4,52,24,0.462,2.17,1.0,0.49,"LOW_HAND_RATE,CORRUPT_FRAMES",train__WHY__WLASL_4__wlasl_63284_4.npz
aslcitizen,WHY,P49,09164331443344143-WHY,28,13,0.464,1.87,0.667,0.02,"LOW_HAND_RATE,CORRUPT_FRAMES",test__WHY__P49__09164331443344143-WHY.npz
aslcitizen,HOW,P9,6119825081396184-HOW,86,40,0.465,2.87,0.0,6.04,"LOW_HAND_RATE,FAR_FROM_WORD",test__HOW__P9__6119825081396184-HOW.npz
aslcitizen,WHERE,P17,03717365663139738-WHERE,58,27,0.466,1.94,0.0,3.72,"LOW_HAND_RATE,FAR_FROM_WORD",test__WHERE__P17__03717365663139738-WHERE.npz
aslcitizen,WATER,P49,28568822555970064-WATER,64,30,0.469,2.13,0.615,0.13,"LOW_HAND_RATE,CORRUPT_FRAMES",test__WATER__P49__28568822555970064-WATER.npz
wlasl,SICK,WLASL_60,51503_7,91,43,0.473,3.04,1.0,0.33,"LOW_HAND_RATE,CORRUPT_FRAMES",train__SICK__WLASL_60__wlasl_51503_7.npz
wlasl,BATHROOM,WLASL_52,05299_1,84,40,0.476,2.8,1.0,-0.34,"LOW_HAND_RATE,CORRUPT_FRAMES",train__BATHROOM__WLASL_52__wlasl_05299_1.npz
wlasl,BATHROOM,WLASL_52,58733_8,84,40,0.476,2.8,1.0,-0.34,"LOW_HAND_RATE,CORRUPT_FRAMES",train__BATHROOM__WLASL_52__wlasl_58733_8.npz
wlasl,WAIT,WLASL_5,62111_18,67,32,0.478,2.24,1.0,-0.23,"LOW_HAND_RATE,CORRUPT_FRAMES",train__WAIT__WLASL_5__wlasl_62111_18.npz
aslcitizen,WHY,P26,38099175964004983-WHY,67,32,0.478,2.24,0.0,4.72,"LOW_HAND_RATE,FAR_FROM_WORD",val__WHY__P26__38099175964004983-WHY.npz
aslcitizen,HOW,P49,5979307187574394-HOW,72,35,0.486,2.4,0.333,-0.18,"LOW_HAND_RATE,CORRUPT_FRAMES",test__HOW__P49__5979307187574394-HOW.npz
aslcitizen,DEAF,P31,3021457153593794-DEAF 2,70,34,0.486,2.34,0.0,3.61,"LOW_HAND_RATE,FAR_FROM_WORD",train__DEAF__P31__3021457153593794-DEAF 2.npz
aslcitizen,WAIT,P49,7613568684951131-WAIT,39,19,0.487,2.6,0.375,0.13,"LOW_HAND_RATE,CORRUPT_FRAMES",test__WAIT__P49__7613568684951131-WAIT.npz
wlasl,HURT,WLASL_60,28441_2,78,38,0.487,2.6,1.0,-0.92,"LOW_HAND_RATE,CORRUPT_FRAMES",train__HURT__WLASL_60__wlasl_28441_2.npz
aslcitizen,SORRY,P20,2413023602974027-SORRY,88,43,0.489,2.94,1.0,1.39,"LOW_HAND_RATE,CORRUPT_FRAMES",train__SORRY__P20__2413023602974027-SORRY.npz
aslcitizen,HUNGRY,P9,5745630297695972-HUNGRY,157,77,0.49,5.25,0.0,3.61,"LOW_HAND_RATE,FAR_FROM_WORD",test__HUNGRY__P9__5745630297695972-HUNGRY.npz
aslcitizen,MORE,P7,19756865098292908-MORE,83,41,0.494,2.73,0.0,4.69,"LOW_HAND_RATE,FAR_FROM_WORD",train__MORE__P7__19756865098292908-MORE.npz
aslcitizen,DRINK,P9,715190503593329-DRINK 2,101,50,0.495,3.33,0.0,5.4,"LOW_HAND_RATE,FAR_FROM_WORD",test__DRINK__P9__715190503593329-DRINK 2.npz
wlasl,PLEASE,WLASL_3,43218_8,64,38,0.594,2.14,1.0,3.3,"CORRUPT_FRAMES,FAR_FROM_WORD",train__PLEASE__WLASL_3__wlasl_43218_8.npz
wlasl,DRINK,WLASL_5,17730_13,81,49,0.605,2.7,1.0,10.18,"CORRUPT_FRAMES,FAR_FROM_WORD",train__DRINK__WLASL_5__wlasl_17730_13.npz
wlasl,NO,WLASL_3,38527_12,45,30,0.667,1.5,1.0,4.04,"CORRUPT_FRAMES,FAR_FROM_WORD",train__NO__WLASL_3__wlasl_38527_12.npz
wlasl,DRINK,WLASL_5,17729_12,71,49,0.69,2.37,1.0,6.78,"CORRUPT_FRAMES,FAR_FROM_WORD",train__DRINK__WLASL_5__wlasl_17729_12.npz
wlasl,MORE,WLASL_5,36838_10,110,94,0.855,3.67,1.0,6.85,"CORRUPT_FRAMES,FAR_FROM_WORD",train__MORE__WLASL_5__wlasl_36838_10.npz
wlasl,SORRY,WLASL_9,53363_0,70,70,1.0,2.8,1.0,5.87,"CORRUPT_FRAMES,FAR_FROM_WORD",train__SORRY__WLASL_9__wlasl_53363_0.npz
wlasl,UNDERSTAND,WLASL_9,60543_0,43,43,1.0,1.72,1.0,4.52,"CORRUPT_FRAMES,FAR_FROM_WORD",train__UNDERSTAND__WLASL_9__wlasl_60543_0.npz
aslcitizen,BATHROOM,P48,9571056160406306-BATHROOM,80,2,0.025,2.67,0.0,-0.27,LOW_HAND_RATE,test__BATHROOM__P48__9571056160406306-BATHROOM.npz
aslcitizen,STOP,P18,38330302294288865-STOP,70,3,0.043,2.8,0.071,0.02,LOW_HAND_RATE,test__STOP__P18__38330302294288865-STOP.npz
wlasl,UNDERSTAND,WLASL_56,60545_6,100,5,0.05,3.34,0.0,-0.44,LOW_HAND_RATE,train__UNDERSTAND__WLASL_56__wlasl_60545_6.npz
aslcitizen,WHERE,P14,6999394901611251-WHERE,57,3,0.053,1.9,0.0,-0.33,LOW_HAND_RATE,train__WHERE__P14__6999394901611251-WHERE.npz
aslcitizen,WHO,P31,8661268196723311-WHO,71,4,0.056,2.37,0.0,0.45,LOW_HAND_RATE,train__WHO__P31__8661268196723311-WHO.npz
aslcitizen,PAIN,P42,3339574581172313-PAIN,48,3,0.062,1.56,0.0,0.57,LOW_HAND_RATE,test__PAIN__P42__3339574581172313-PAIN.npz
aslcitizen,WHY,P42,6392085873567048-WHY,62,4,0.065,2.03,0.077,-0.72,LOW_HAND_RATE,test__WHY__P42__6392085873567048-WHY.npz
aslcitizen,WHY,P18,2952311704357522-WHY,60,4,0.067,2.4,0.0,-0.2,LOW_HAND_RATE,test__WHY__P18__2952311704357522-WHY.npz
aslcitizen,STOP,P14,6679488064816475-STOP,59,4,0.068,1.94,0.0,0.03,LOW_HAND_RATE,train__STOP__P14__6679488064816475-STOP.npz
aslcitizen,DRINK,P7,9694895312894787-DRINK,122,12,0.098,4.64,0.16,-0.63,LOW_HAND_RATE,train__DRINK__P7__9694895312894787-DRINK.npz
aslcitizen,HUNGRY,P7,3031010038877062-HUNGRY,61,6,0.098,1.99,0.0,-0.08,LOW_HAND_RATE,train__HUNGRY__P7__3031010038877062-HUNGRY.npz
aslcitizen,DRINK,P28,5545319318865305-DRINK 2,96,10,0.104,3.2,0.0,-0.51,LOW_HAND_RATE,train__DRINK__P28__5545319318865305-DRINK 2.npz
aslcitizen,HELLO,P39,16493550450776628-HELLO,121,14,0.116,4.03,0.0,1.97,LOW_HAND_RATE,val__HELLO__P39__16493550450776628-HELLO.npz
aslcitizen,HURT,P2,916464465181106-HURT,116,14,0.121,3.87,0.0,0.05,LOW_HAND_RATE,train__HURT__P2__916464465181106-HURT.npz
aslcitizen,WHERE,P7,7968041209479837-WHERE,158,20,0.127,5.27,0.0,-0.91,LOW_HAND_RATE,train__WHERE__P7__7968041209479837-WHERE.npz
aslcitizen,EAT,P17,15451191030465905-EAT 2,109,14,0.128,3.78,0.0,0.07,LOW_HAND_RATE,test__EAT__P17__15451191030465905-EAT 2.npz
aslcitizen,DRINK,P29,9957580073891368-DRINK,53,7,0.132,1.77,0.0,-0.34,LOW_HAND_RATE,train__DRINK__P29__9957580073891368-DRINK.npz
aslcitizen,EAT,P42,4641646458517976-EAT,69,10,0.145,2.27,0.0,-1.26,LOW_HAND_RATE,test__EAT__P42__4641646458517976-EAT.npz
aslcitizen,WHY,P18,32965084799922706-WHY,60,9,0.15,2.4,0.0,-0.87,LOW_HAND_RATE,test__WHY__P18__32965084799922706-WHY.npz
aslcitizen,EAT,P52,36220708618174635-seedEAT,145,22,0.152,4.83,0.0,-0.54,LOW_HAND_RATE,train__EAT__P52__36220708618174635-seedEAT.npz
aslcitizen,THANKYOU,P18,9962081495357855-THANK YOU,59,9,0.153,2.36,0.0,-0.66,LOW_HAND_RATE,test__THANKYOU__P18__9962081495357855-THANK YOU.npz
aslcitizen,WATER,P39,03174577769237463-WATER,176,27,0.153,5.87,0.0,-0.05,LOW_HAND_RATE,val__WATER__P39__03174577769237463-WATER.npz
aslcitizen,STOP,P50,35024304836544506-STOP,69,11,0.159,2.3,0.0,-0.3,LOW_HAND_RATE,train__STOP__P50__35024304836544506-STOP.npz
aslcitizen,WATER,P52,4617924298797549-seedWATER,169,28,0.166,5.58,0.0,-0.51,LOW_HAND_RATE,train__WATER__P52__4617924298797549-seedWATER.npz
aslcitizen,WHY,P29,2565336440424879-WHY,48,8,0.167,1.6,0.0,0.25,LOW_HAND_RATE,train__WHY__P29__2565336440424879-WHY.npz
wlasl,WHY,WLASL_42,63280_15,120,20,0.167,4.0,0.0,-0.65,LOW_HAND_RATE,train__WHY__WLASL_42__wlasl_63280_15.npz
aslcitizen,PLEASE,P11,43778843855311433-PLEASE,164,28,0.171,5.48,0.0,-0.44,LOW_HAND_RATE,train__PLEASE__P11__43778843855311433-PLEASE.npz
aslcitizen,STOP,P48,19109474570600948-STOP,87,15,0.172,2.9,0.0,-0.24,LOW_HAND_RATE,test__STOP__P48__19109474570600948-STOP.npz
aslcitizen,EAT,P39,009883456113471967-EAT,156,27,0.173,5.2,0.0,-0.96,LOW_HAND_RATE,val__EAT__P39__009883456113471967-EAT.npz
aslcitizen,HUNGRY,P14,48783810292836627-HUNGRY,63,11,0.175,2.07,0.0,0.18,LOW_HAND_RATE,train__HUNGRY__P14__48783810292836627-HUNGRY.npz
aslcitizen,HELP,P42,23773456898680978-HELP,67,12,0.179,2.23,0.0,0.5,LOW_HAND_RATE,test__HELP__P42__23773456898680978-HELP.npz
aslcitizen,HURT,P42,7701814722271505-HURT,39,7,0.179,1.26,0.0,0.39,LOW_HAND_RATE,test__HURT__P42__7701814722271505-HURT.npz
aslcitizen,WHERE,P52,35445730348954285-seedWHERE,116,21,0.181,3.88,0.0,-0.54,LOW_HAND_RATE,train__WHERE__P52__35445730348954285-seedWHERE.npz
aslcitizen,NAME,P39,9031073980623976-NAME,142,26,0.183,4.74,0.0,0.47,LOW_HAND_RATE,val__NAME__P39__9031073980623976-NAME.npz
aslcitizen,WAIT,P52,9595840152815802-seedWAIT,151,28,0.185,5.03,0.0,-0.41,LOW_HAND_RATE,train__WAIT__P52__9595840152815802-seedWAIT.npz
aslcitizen,WHO,P52,6723858714545425-seedWHO,128,24,0.188,4.27,0.0,0.1,LOW_HAND_RATE,train__WHO__P52__6723858714545425-seedWHO.npz
aslcitizen,WHY,P39,5132756077874947-WHY,122,23,0.189,4.07,0.0,0.27,LOW_HAND_RATE,val__WHY__P39__5132756077874947-WHY.npz
aslcitizen,DEAF,P18,14415908988995363-DEAF,63,12,0.19,2.52,0.0,0.27,LOW_HAND_RATE,test__DEAF__P18__14415908988995363-DEAF.npz
aslcitizen,SICK,P39,45273738498753846-SICK,150,29,0.193,5.0,0.0,-0.12,LOW_HAND_RATE,val__SICK__P39__45273738498753846-SICK.npz
aslcitizen,MORE,P49,7235081979386058-MORE,36,7,0.194,2.4,0.0,0.05,LOW_HAND_RATE,test__MORE__P49__7235081979386058-MORE.npz
aslcitizen,EAT,P52,7090308723893539-seedEAT,124,24,0.194,4.15,0.0,-1.42,LOW_HAND_RATE,train__EAT__P52__7090308723893539-seedEAT.npz
aslcitizen,HUNGRY,P52,7117735182398317-seedHUNGRY,138,27,0.196,4.61,0.0,-0.22,LOW_HAND_RATE,train__HUNGRY__P52__7117735182398317-seedHUNGRY.npz
aslcitizen,NO,P11,6901051427765104-NO,46,9,0.196,1.54,0.0,-0.7,LOW_HAND_RATE,train__NO__P11__6901051427765104-NO.npz
aslcitizen,WHERE,P18,9957868929062672-WHERE,61,12,0.197,2.44,0.0,-0.9,LOW_HAND_RATE,test__WHERE__P18__9957868929062672-WHERE.npz
aslcitizen,WHO,P17,16927688445154376-WHO,71,14,0.197,2.4,0.0,-0.15,LOW_HAND_RATE,test__WHO__P17__16927688445154376-WHO.npz
aslcitizen,SICK,P52,7809273250779392-seedSICK,127,25,0.197,4.25,0.0,0.06,LOW_HAND_RATE,train__SICK__P52__7809273250779392-seedSICK.npz
aslcitizen,HOW,P17,8436415241829844-HOW,85,17,0.2,2.8,0.0,-0.58,LOW_HAND_RATE,test__HOW__P17__8436415241829844-HOW.npz
aslcitizen,DRINK,P52,7985319657788752-seedDRINK,124,25,0.202,4.13,0.0,-0.63,LOW_HAND_RATE,train__DRINK__P52__7985319657788752-seedDRINK.npz
aslcitizen,STOP,P42,680707762189654-STOP,79,16,0.203,2.63,0.0,-0.32,LOW_HAND_RATE,test__STOP__P42__680707762189654-STOP.npz
aslcitizen,WATER,P42,25669396550888335-WATER,69,14,0.203,2.3,0.0,-0.51,LOW_HAND_RATE,test__WATER__P42__25669396550888335-WATER.npz
aslcitizen,BATHROOM,P52,4137936897652219-seedBATHROOM,142,29,0.204,4.75,0.0,-0.34,LOW_HAND_RATE,train__BATHROOM__P52__4137936897652219-seedBATHROOM.npz
aslcitizen,DRINK,P48,6863272868161578-DRINK,73,15,0.205,2.43,0.0,0.14,LOW_HAND_RATE,test__DRINK__P48__6863272868161578-DRINK.npz
aslcitizen,THANKYOU,P6,25130175957831113-THANK YOU,39,8,0.205,1.3,0.0,0.08,LOW_HAND_RATE,test__THANKYOU__P6__25130175957831113-THANK YOU.npz
aslcitizen,DRINK,P14,9140450917748142-DRINK,73,15,0.205,2.44,0.0,-0.44,LOW_HAND_RATE,train__DRINK__P14__9140450917748142-DRINK.npz
aslcitizen,HUNGRY,P33,3850535672895874-HUNGRY,146,30,0.205,4.88,0.0,-0.8,LOW_HAND_RATE,train__HUNGRY__P33__3850535672895874-HUNGRY.npz
aslcitizen,HELLO,P30,7597723277213178-HELLO,170,35,0.206,5.6,0.0,0.28,LOW_HAND_RATE,train__HELLO__P30__7597723277213178-HELLO.npz
aslcitizen,WHAT,P22,6718223980213671-WHAT 2,29,6,0.207,0.97,0.0,-0.14,LOW_HAND_RATE,test__WHAT__P22__6718223980213671-WHAT 2.npz
aslcitizen,WHAT,P14,0628291186114378-WHAT 2,53,11,0.208,1.77,0.0,-0.21,LOW_HAND_RATE,train__WHAT__P14__0628291186114378-WHAT 2.npz
aslcitizen,UNDERSTAND,P52,9807956157005397-seedUNDERSTAND,119,25,0.21,3.97,0.0,0.27,LOW_HAND_RATE,train__UNDERSTAND__P52__9807956157005397-seedUNDERSTAND.npz
aslcitizen,HURT,P52,04508175700479922-seedHURT,142,30,0.211,4.69,0.0,-1.06,LOW_HAND_RATE,train__HURT__P52__04508175700479922-seedHURT.npz
aslcitizen,HUNGRY,P22,2394165119190521-HUNGRY,33,7,0.212,1.1,0.0,0.09,LOW_HAND_RATE,test__HUNGRY__P22__2394165119190521-HUNGRY.npz
aslcitizen,HUNGRY,P17,5801976577083523-HUNGRY,60,13,0.217,2.18,0.0,-0.16,LOW_HAND_RATE,test__HUNGRY__P17__5801976577083523-HUNGRY.npz
aslcitizen,EAT,P42,7910128481289247-EAT,73,16,0.219,2.39,0.0,-0.24,LOW_HAND_RATE,test__EAT__P42__7910128481289247-EAT.npz
aslcitizen,DEAF,P52,14313239983235881-seedDEAF,114,25,0.219,3.8,0.0,-0.42,LOW_HAND_RATE,train__DEAF__P52__14313239983235881-seedDEAF.npz
aslcitizen,HELLO,P42,9441415075906014-HELLO,41,9,0.22,1.34,0.0,-0.75,LOW_HAND_RATE,test__HELLO__P42__9441415075906014-HELLO.npz
aslcitizen,HELLO,P41,25802117645943423-HELLO,100,22,0.22,3.34,0.0,0.33,LOW_HAND_RATE,train__HELLO__P41__25802117645943423-HELLO.npz
aslcitizen,WHERE,P29,5985508360496106-WHERE,41,9,0.22,1.37,0.0,-0.99,LOW_HAND_RATE,train__WHERE__P29__5985508360496106-WHERE.npz
aslcitizen,DRINK,P18,6657698379837473-DRINK,68,15,0.221,2.72,0.0,-0.3,LOW_HAND_RATE,test__DRINK__P18__6657698379837473-DRINK.npz
aslcitizen,DRINK,P31,0992010599048676-DRINK 2,77,17,0.221,2.57,0.0,-0.38,LOW_HAND_RATE,train__DRINK__P31__0992010599048676-DRINK 2.npz
aslcitizen,YES,P33,050364485120873326-YES,265,59,0.223,8.86,0.019,0.16,LOW_HAND_RATE,train__YES__P33__050364485120873326-YES.npz
aslcitizen,WHAT,P14,8444961450629924-WHAT 1,58,13,0.224,1.94,0.0,-0.26,LOW_HAND_RATE,train__WHAT__P14__8444961450629924-WHAT 1.npz
aslcitizen,DRINK,P38,27103389535111955-DRINK 2,80,18,0.225,4.8,0.0,-0.7,LOW_HAND_RATE,train__DRINK__P38__27103389535111955-DRINK 2.npz
aslcitizen,NAME,P52,03294491784477094-seedNAME,150,34,0.227,5.0,0.0,2.33,LOW_HAND_RATE,train__NAME__P52__03294491784477094-seedNAME.npz
wlasl,YES,WLASL_47,64296_12,119,27,0.227,3.97,0.0,0.2,LOW_HAND_RATE,train__YES__WLASL_47__wlasl_64296_12.npz
aslcitizen,MORE,P52,7570971556194199-seedMORE,123,28,0.228,4.08,0.0,-0.06,LOW_HAND_RATE,train__MORE__P52__7570971556194199-seedMORE.npz
aslcitizen,WHY,P51,3866568461228612-WHY,79,18,0.228,2.63,0.0,-0.41,LOW_HAND_RATE,train__WHY__P51__3866568461228612-WHY.npz
aslcitizen,PAIN,P52,22435635173558466-seedPAIN,122,28,0.23,4.07,0.0,2.17,LOW_HAND_RATE,train__PAIN__P52__22435635173558466-seedPAIN.npz
aslcitizen,MORE,P39,9000660794636397-MORE,152,35,0.23,5.07,0.0,0.82,LOW_HAND_RATE,val__MORE__P39__9000660794636397-MORE.npz
aslcitizen,WAIT,P42,6363494051663907-WAIT,82,19,0.232,2.73,0.0,-0.47,LOW_HAND_RATE,test__WAIT__P42__6363494051663907-WAIT.npz
aslcitizen,WHAT,P11,5384324732130294-WHAT 2,43,10,0.233,1.44,0.0,-0.17,LOW_HAND_RATE,train__WHAT__P11__5384324732130294-WHAT 2.npz
aslcitizen,EAT,P29,8267242257825924-EAT,47,11,0.234,1.57,0.0,-0.67,LOW_HAND_RATE,train__EAT__P29__8267242257825924-EAT.npz
aslcitizen,PLEASE,P52,47017724784893633-seedPLEASE,158,37,0.234,5.28,0.0,-0.37,LOW_HAND_RATE,train__PLEASE__P52__47017724784893633-seedPLEASE.npz
aslcitizen,HUNGRY,P42,09596583119145707-HUNGRY,81,19,0.235,2.65,0.0,-0.86,LOW_HAND_RATE,test__HUNGRY__P42__09596583119145707-HUNGRY.npz
aslcitizen,HUNGRY,P27,47262000245136493-HUNGRY,72,17,0.236,2.4,0.0,-0.41,LOW_HAND_RATE,train__HUNGRY__P27__47262000245136493-HUNGRY.npz
aslcitizen,BATHROOM,P42,5897795552292975-BATHROOM,76,18,0.237,2.49,0.0,-0.07,LOW_HAND_RATE,test__BATHROOM__P42__5897795552292975-BATHROOM.npz
wlasl,NAME,WLASL_47,37586_15,135,32,0.237,4.5,0.0,-0.92,LOW_HAND_RATE,train__NAME__WLASL_47__wlasl_37586_15.npz
aslcitizen,EAT,P11,7327271470470507-EAT,42,10,0.238,1.4,0.0,0.55,LOW_HAND_RATE,train__EAT__P11__7327271470470507-EAT.npz
aslcitizen,WHY,P52,009620790877519658-seedWHY,126,30,0.238,4.2,0.0,0.16,LOW_HAND_RATE,train__WHY__P52__009620790877519658-seedWHY.npz
aslcitizen,HELLO,P33,8841964348021558-HELLO,138,33,0.239,4.6,0.0,1.16,LOW_HAND_RATE,train__HELLO__P33__8841964348021558-HELLO.npz
aslcitizen,THANKYOU,P42,9701695309294336-THANK YOU,78,19,0.244,2.55,0.0,-1.03,LOW_HAND_RATE,test__THANKYOU__P42__9701695309294336-THANK YOU.npz
aslcitizen,HELLO,P52,180739946524912-seedHELLO,119,29,0.244,3.97,0.0,-0.93,LOW_HAND_RATE,train__HELLO__P52__180739946524912-seedHELLO.npz
aslcitizen,HUNGRY,P35,140859354753039-HUNGRY,53,13,0.245,1.78,0.0,-0.85,LOW_HAND_RATE,test__HUNGRY__P35__140859354753039-HUNGRY.npz
aslcitizen,NO,P42,46074251080029494-NO,69,17,0.246,2.26,0.0,0.62,LOW_HAND_RATE,test__NO__P42__46074251080029494-NO.npz
aslcitizen,WATER,P48,8633906244621417-WATER,84,21,0.25,2.8,0.0,-0.12,LOW_HAND_RATE,test__WATER__P48__8633906244621417-WATER.npz
aslcitizen,WHO,P42,2590814753491968-WHO,48,12,0.25,1.6,0.0,0.18,LOW_HAND_RATE,test__WHO__P42__2590814753491968-WHO.npz
aslcitizen,EAT,P30,5739215722518052-EAT,60,15,0.25,1.97,0.0,-0.3,LOW_HAND_RATE,train__EAT__P30__5739215722518052-EAT.npz
aslcitizen,HELP,P52,09953879192572268-seedHELP,156,39,0.25,5.2,0.0,1.93,LOW_HAND_RATE,train__HELP__P52__09953879192572268-seedHELP.npz
aslcitizen,WHY,P7,41986547104124017-WHY,76,19,0.25,2.48,0.0,-0.65,LOW_HAND_RATE,train__WHY__P7__41986547104124017-WHY.npz
aslcitizen,YES,P29,9092689562509508-YES,48,12,0.25,1.6,0.0,-0.32,LOW_HAND_RATE,train__YES__P29__9092689562509508-YES.npz
aslcitizen,DRINK,P29,20468755034347463-DRINK 2,199,50,0.251,6.63,0.0,-0.09,LOW_HAND_RATE,train__DRINK__P29__20468755034347463-DRINK 2.npz
aslcitizen,PAIN,P31,2531134404714388-PAIN,87,22,0.253,2.9,0.0,-0.23,LOW_HAND_RATE,train__PAIN__P31__2531134404714388-PAIN.npz
aslcitizen,DEAF,P9,34251957180053694-DEAF,134,34,0.254,4.41,0.0,-0.53,LOW_HAND_RATE,test__DEAF__P9__34251957180053694-DEAF.npz
aslcitizen,EAT,P18,3651789913333805-EAT 2,67,17,0.254,2.68,0.0,-0.87,LOW_HAND_RATE,test__EAT__P18__3651789913333805-EAT 2.npz
aslcitizen,STOP,P25,7606933944529259-STOP,71,18,0.254,2.37,0.0,-0.47,LOW_HAND_RATE,train__STOP__P25__7606933944529259-STOP.npz
aslcitizen,PAIN,P22,374792426110897-PAIN,47,12,0.255,1.57,0.0,0.01,LOW_HAND_RATE,test__PAIN__P22__374792426110897-PAIN.npz
wlasl,WHO,WLASL_42,63225_20,110,28,0.255,3.67,0.0,-0.87,LOW_HAND_RATE,train__WHO__WLASL_42__wlasl_63225_20.npz
aslcitizen,HELLO,P18,16501735528077632-HELLO,43,11,0.256,2.83,0.0,-0.09,LOW_HAND_RATE,test__HELLO__P18__16501735528077632-HELLO.npz
aslcitizen,THANKYOU,P52,3790733585897841-seedTHANK YOU,160,41,0.256,5.28,0.0,1.55,LOW_HAND_RATE,train__THANKYOU__P52__3790733585897841-seedTHANK YOU.npz
aslcitizen,WAIT,P30,9783535742177485-WAIT,129,33,0.256,4.3,0.0,-0.12,LOW_HAND_RATE,train__WAIT__P30__9783535742177485-WAIT.npz
aslcitizen,EAT,P42,5882347360908131-EAT,35,9,0.257,1.17,0.0,-0.08,LOW_HAND_RATE,test__EAT__P42__5882347360908131-EAT.npz
aslcitizen,INTERPRETER,P18,046219743175623274-INTERPRETER,70,18,0.257,2.8,0.0,0.31,LOW_HAND_RATE,test__INTERPRETER__P18__046219743175623274-INTERPRETER.npz
aslcitizen,NAME,P18,13831972157907857-NAME,74,19,0.257,2.96,0.0,0.54,LOW_HAND_RATE,test__NAME__P18__13831972157907857-NAME.npz
aslcitizen,EAT,P33,10224745501869581-EAT 2,140,36,0.257,4.67,0.0,2.13,LOW_HAND_RATE,train__EAT__P33__10224745501869581-EAT 2.npz
aslcitizen,HUNGRY,P39,8525529504952978-HUNGRY,136,35,0.257,4.53,0.0,1.4,LOW_HAND_RATE,val__HUNGRY__P39__8525529504952978-HUNGRY.npz
aslcitizen,WHAT,P22,7577155904518054-WHAT 1,31,8,0.258,1.03,0.0,-0.15,LOW_HAND_RATE,test__WHAT__P22__7577155904518054-WHAT 1.npz
aslcitizen,YES,P48,7442618628569746-YES,93,24,0.258,3.1,0.0,-0.34,LOW_HAND_RATE,test__YES__P48__7442618628569746-YES.npz
aslcitizen,DRINK,P50,45011841193956603-DRINK 2,93,24,0.258,3.1,0.0,-0.14,LOW_HAND_RATE,train__DRINK__P50__45011841193956603-DRINK 2.npz
aslcitizen,DEAF,P23,07152092969372692-DEAF,85,22,0.259,2.84,0.0,-0.45,LOW_HAND_RATE,train__DEAF__P23__07152092969372692-DEAF.npz
aslcitizen,EAT,P39,4396630789618088-EAT 2,116,30,0.259,3.87,0.0,2.35,LOW_HAND_RATE,val__EAT__P39__4396630789618088-EAT 2.npz
aslcitizen,PAIN,P48,9136737589481181-PAIN,73,19,0.26,2.43,0.0,-0.52,LOW_HAND_RATE,test__PAIN__P48__9136737589481181-PAIN.npz
aslcitizen,EAT,P33,31477726769914227-EAT,200,52,0.26,6.67,0.0,1.14,LOW_HAND_RATE,train__EAT__P33__31477726769914227-EAT.npz
aslcitizen,THANKYOU,P1,6508465822424006-THANK YOU,77,20,0.26,2.57,0.0,-0.97,LOW_HAND_RATE,train__THANKYOU__P1__6508465822424006-THANK YOU.npz
aslcitizen,UNDERSTAND,P11,2621288608804102-UNDERSTAND,50,13,0.26,1.67,0.0,-0.94,LOW_HAND_RATE,train__UNDERSTAND__P11__2621288608804102-UNDERSTAND.npz
aslcitizen,SORRY,P52,9992716034642337-seedSORRY,168,44,0.262,5.63,0.0,-0.18,LOW_HAND_RATE,train__SORRY__P52__9992716034642337-seedSORRY.npz
aslcitizen,WHY,P22,015395985479345287-WHY,38,10,0.263,1.27,0.0,-0.79,LOW_HAND_RATE,test__WHY__P22__015395985479345287-WHY.npz
aslcitizen,DRINK,P33,21577690984159714-DRINK,118,31,0.263,3.94,0.0,-0.25,LOW_HAND_RATE,train__DRINK__P33__21577690984159714-DRINK.npz
aslcitizen,HELLO,P29,1340650432799635-HELLO,38,10,0.263,1.27,0.0,0.82,LOW_HAND_RATE,train__HELLO__P29__1340650432799635-HELLO.npz
aslcitizen,STOP,P29,787967286498557-STOP,38,10,0.263,1.27,0.0,-0.1,LOW_HAND_RATE,train__STOP__P29__787967286498557-STOP.npz
aslcitizen,STOP,P9,5241068902608812-STOP,87,23,0.264,2.9,0.0,1.49,LOW_HAND_RATE,test__STOP__P9__5241068902608812-STOP.npz
aslcitizen,HELP,P4,7616988400005291-HELP,125,33,0.264,4.17,0.16,-0.87,LOW_HAND_RATE,train__HELP__P4__7616988400005291-HELP.npz
aslcitizen,WHY,P11,20564555475489255-WHY,53,14,0.264,1.77,0.0,-0.43,LOW_HAND_RATE,train__WHY__P11__20564555475489255-WHY.npz
aslcitizen,THANKYOU,P22,16270426237316316-THANK YOU,34,9,0.265,1.13,0.0,0.67,LOW_HAND_RATE,test__THANKYOU__P22__16270426237316316-THANK YOU.npz
aslcitizen,UNDERSTAND,P39,7903893233633115-UNDERSTAND,117,31,0.265,3.9,0.0,0.39,LOW_HAND_RATE,val__UNDERSTAND__P39__7903893233633115-UNDERSTAND.npz
aslcitizen,HUNGRY,P35,10194449491019375-HUNGRY,64,17,0.266,2.13,0.0,-0.91,LOW_HAND_RATE,test__HUNGRY__P35__10194449491019375-HUNGRY.npz
aslcitizen,HUNGRY,P6,129693242467106-HUNGRY,45,12,0.267,1.5,0.0,1.29,LOW_HAND_RATE,test__HUNGRY__P6__129693242467106-HUNGRY.npz
aslcitizen,STOP,P17,5495256812953944-STOP,60,16,0.267,1.95,0.0,-0.27,LOW_HAND_RATE,test__STOP__P17__5495256812953944-STOP.npz
aslcitizen,HELLO,P11,6448349493816601-HELLO,45,12,0.267,1.51,0.0,-0.28,LOW_HAND_RATE,train__HELLO__P11__6448349493816601-HELLO.npz
aslcitizen,BYE,P42,36995928249155363-BYE,71,19,0.268,2.33,0.0,-0.88,LOW_HAND_RATE,test__BYE__P42__36995928249155363-BYE.npz
aslcitizen,HURT,P18,959367511420421-HURT,71,19,0.268,2.84,0.0,0.39,LOW_HAND_RATE,test__HURT__P18__959367511420421-HURT.npz
aslcitizen,WHAT,P48,7084601978683813-WHAT 2,71,19,0.268,2.37,0.0,-0.19,LOW_HAND_RATE,test__WHAT__P48__7084601978683813-WHAT 2.npz
aslcitizen,WHO,P18,10251163827204302-WHO,56,15,0.268,2.24,0.0,-0.05,LOW_HAND_RATE,test__WHO__P18__10251163827204302-WHO.npz
aslcitizen,THANKYOU,P11,034197610787212396-THANK YOU,41,11,0.268,1.37,0.0,-0.49,LOW_HAND_RATE,train__THANKYOU__P11__034197610787212396-THANK YOU.npz
aslcitizen,BYE,P43,8852825102646966-BYE,93,25,0.269,3.1,0.0,0.66,LOW_HAND_RATE,train__BYE__P43__8852825102646966-BYE.npz
aslcitizen,DEAF,P11,93340344109002-DEAF,52,14,0.269,1.74,0.0,-0.07,LOW_HAND_RATE,train__DEAF__P11__93340344109002-DEAF.npz
aslcitizen,WHERE,P48,6471203705029369-WHERE,74,20,0.27,2.47,0.0,-0.82,LOW_HAND_RATE,test__WHERE__P48__6471203705029369-WHERE.npz
aslcitizen,SICK,P30,346347810799994-SICK,141,38,0.27,4.64,0.0,-0.32,LOW_HAND_RATE,train__SICK__P30__346347810799994-SICK.npz
aslcitizen,HURT,P39,023534771855838965-HURT,141,38,0.27,4.7,0.0,-0.75,LOW_HAND_RATE,val__HURT__P39__023534771855838965-HURT.npz
aslcitizen,WHERE,P33,32552115561898876-WHERE,129,35,0.271,4.31,0.0,1.07,LOW_HAND_RATE,train__WHERE__P33__32552115561898876-WHERE.npz
aslcitizen,DRINK,P39,5470582351678035-DRINK 2,170,46,0.271,5.67,0.0,0.13,LOW_HAND_RATE,val__DRINK__P39__5470582351678035-DRINK 2.npz
aslcitizen,NO,P2,7973429116215278-NO,88,24,0.273,2.93,0.0,0.49,LOW_HAND_RATE,train__NO__P2__7973429116215278-NO.npz
aslcitizen,HOW,P21,10542513580735968-HOW,66,18,0.273,2.2,0.0,0.69,LOW_HAND_RATE,val__HOW__P21__10542513580735968-HOW.npz
aslcitizen,DRINK,P50,3150362992415996-DRINK,84,23,0.274,2.8,0.0,-0.77,LOW_HAND_RATE,train__DRINK__P50__3150362992415996-DRINK.npz
aslcitizen,WHAT,P29,23051551564122996-WHAT 2,51,14,0.275,1.7,0.0,-0.25,LOW_HAND_RATE,train__WHAT__P29__23051551564122996-WHAT 2.npz
aslcitizen,WHO,P39,5788460385097332-WHO,120,33,0.275,4.0,0.0,2.62,LOW_HAND_RATE,val__WHO__P39__5788460385097332-WHO.npz
aslcitizen,DEAF,P42,7322377994548119-DEAF,79,22,0.278,2.63,0.0,-0.24,LOW_HAND_RATE,test__DEAF__P42__7322377994548119-DEAF.npz
aslcitizen,BYE,P52,4567979691425712-seedBYE,97,27,0.278,3.2,0.0,2.09,LOW_HAND_RATE,train__BYE__P52__4567979691425712-seedBYE.npz
wlasl,NO,WLASL_56,38524_21,79,22,0.278,2.64,0.0,-1.07,LOW_HAND_RATE,train__NO__WLASL_56__wlasl_38524_21.npz
aslcitizen,UNDERSTAND,P26,6504234134902995-UNDERSTAND,54,15,0.278,1.78,0.182,-0.82,LOW_HAND_RATE,val__UNDERSTAND__P26__6504234134902995-UNDERSTAND.npz
aslcitizen,UNDERSTAND,P18,6508787541133374-UNDERSTAND,61,17,0.279,2.44,0.0,0.42,LOW_HAND_RATE,test__UNDERSTAND__P18__6508787541133374-UNDERSTAND.npz
aslcitizen,EAT,P11,9933444469916732-EAT 2,43,12,0.279,1.44,0.0,-0.93,LOW_HAND_RATE,train__EAT__P11__9933444469916732-EAT 2.npz
wlasl,NO,WLASL_47,38539_4,104,29,0.279,3.47,0.0,0.11,LOW_HAND_RATE,train__NO__WLASL_47__wlasl_38539_4.npz
aslcitizen,THANKYOU,P26,7976564165646398-THANK YOU,104,29,0.279,3.43,0.0,-0.88,LOW_HAND_RATE,val__THANKYOU__P26__7976564165646398-THANK YOU.npz
aslcitizen,HUNGRY,P31,01552866889314064-HUNGRY,82,23,0.28,2.73,0.0,2.31,LOW_HAND_RATE,train__HUNGRY__P31__01552866889314064-HUNGRY.npz
aslcitizen,NAME,P29,5949494391929417-NAME,50,14,0.28,1.67,0.0,-0.86,LOW_HAND_RATE,train__NAME__P29__5949494391929417-NAME.npz
aslcitizen,SICK,P48,00961775886447791-SICK,64,18,0.281,2.13,0.0,-0.34,LOW_HAND_RATE,test__SICK__P48__00961775886447791-SICK.npz
aslcitizen,SICK,P4,10206502257817629-SICK,96,27,0.281,3.21,0.0,-0.18,LOW_HAND_RATE,train__SICK__P4__10206502257817629-SICK.npz
aslcitizen,NO,P48,9542027365188674-NO,71,20,0.282,2.37,0.0,0.09,LOW_HAND_RATE,test__NO__P48__9542027365188674-NO.npz
aslcitizen,HELP,P39,44817736125778374-HELP,131,37,0.282,4.37,0.0,-0.42,LOW_HAND_RATE,val__HELP__P39__44817736125778374-HELP.npz
aslcitizen,WHERE,P35,9084539059220444-WHERE,46,13,0.283,1.54,0.0,-0.68,LOW_HAND_RATE,test__WHERE__P35__9084539059220444-WHERE.npz
aslcitizen,PAIN,P21,7699770097456944-PAIN,60,17,0.283,1.96,0.0,-0.4,LOW_HAND_RATE,val__PAIN__P21__7699770097456944-PAIN.npz
aslcitizen,PLEASE,P48,7315727436787696-PLEASE,74,21,0.284,2.47,0.0,-0.13,LOW_HAND_RATE,test__PLEASE__P48__7315727436787696-PLEASE.npz
aslcitizen,SICK,P15,3280234496255292-SICK,95,27,0.284,3.17,0.0,-0.35,LOW_HAND_RATE,test__SICK__P15__3280234496255292-SICK.npz
aslcitizen,YES,P18,541403296602635-YES,74,21,0.284,2.96,0.0,-0.24,LOW_HAND_RATE,test__YES__P18__541403296602635-YES.npz
aslcitizen,HURT,P29,2609737790861999-HURT,74,21,0.284,2.47,0.0,0.35,LOW_HAND_RATE,train__HURT__P29__2609737790861999-HURT.npz
aslcitizen,EAT,P18,40193405478785693-EAT,70,20,0.286,2.8,0.0,-0.76,LOW_HAND_RATE,test__EAT__P18__40193405478785693-EAT.npz
aslcitizen,SICK,P18,4446871579256513-SICK,63,18,0.286,2.52,0.077,-0.22,LOW_HAND_RATE,test__SICK__P18__4446871579256513-SICK.npz
aslcitizen,THANKYOU,P15,09460259361998125-THANK YOU,91,26,0.286,3.03,0.0,-0.59,LOW_HAND_RATE,test__THANKYOU__P15__09460259361998125-THANK YOU.npz
aslcitizen,WHO,P47,8795571081681577-WHO,77,22,0.286,2.98,0.0,-0.5,LOW_HAND_RATE,test__WHO__P47__8795571081681577-WHO.npz
aslcitizen,SICK,P51,48675740621516783-SICK,63,18,0.286,2.1,0.0,-0.3,LOW_HAND_RATE,train__SICK__P51__48675740621516783-SICK.npz
aslcitizen,STOP,P31,1461467422069449-STOP,91,26,0.286,3.04,0.0,-0.62,LOW_HAND_RATE,train__STOP__P31__1461467422069449-STOP.npz
aslcitizen,WHO,P11,0015092814988848513-WHO,42,12,0.286,1.4,0.0,-0.24,LOW_HAND_RATE,train__WHO__P11__0015092814988848513-WHO.npz
aslcitizen,EAT,P15,8917441625336839-EAT,150,43,0.287,5.0,0.0,0.54,LOW_HAND_RATE,test__EAT__P15__8917441625336839-EAT.npz
aslcitizen,HURT,P47,4024860767622749-HURT,87,25,0.287,3.53,0.0,0.46,LOW_HAND_RATE,test__HURT__P47__4024860767622749-HURT.npz
aslcitizen,THANKYOU,P35,6936836055005255-THANK YOU,73,21,0.288,2.47,0.0,-0.04,LOW_HAND_RATE,test__THANKYOU__P35__6936836055005255-THANK YOU.npz
aslcitizen,HELLO,P51,081380748015633-HELLO,66,19,0.288,2.2,0.0,0.37,LOW_HAND_RATE,train__HELLO__P51__081380748015633-HELLO.npz
aslcitizen,NAME,P48,7459516150734173-NAME,76,22,0.289,2.53,0.0,-0.23,LOW_HAND_RATE,test__NAME__P48__7459516150734173-NAME.npz
aslcitizen,DEAF,P29,1706696537277308-DEAF 2,45,13,0.289,1.5,0.0,-0.28,LOW_HAND_RATE,train__DEAF__P29__1706696537277308-DEAF 2.npz
aslcitizen,EAT,P50,683562173601701-EAT 2,76,22,0.289,2.53,0.0,-0.64,LOW_HAND_RATE,train__EAT__P50__683562173601701-EAT 2.npz
aslcitizen,INTERPRETER,P29,41957236705659606-INTERPRETER,45,13,0.289,1.5,0.0,0.1,LOW_HAND_RATE,train__INTERPRETER__P29__41957236705659606-INTERPRETER.npz
aslcitizen,UNDERSTAND,P29,6424637597161564-UNDERSTAND,45,13,0.289,1.5,0.0,-0.74,LOW_HAND_RATE,train__UNDERSTAND__P29__6424637597161564-UNDERSTAND.npz
aslcitizen,UNDERSTAND,P31,0497069696398067-UNDERSTAND,76,22,0.289,2.54,0.0,1.52,LOW_HAND_RATE,train__UNDERSTAND__P31__0497069696398067-UNDERSTAND.npz
aslcitizen,WATER,P11,40723216723050504-WATER,38,11,0.289,1.27,0.0,-0.44,LOW_HAND_RATE,train__WATER__P11__40723216723050504-WATER.npz
aslcitizen,PAIN,P39,9856203057311912-PAIN,128,37,0.289,4.27,0.0,-0.97,LOW_HAND_RATE,val__PAIN__P39__9856203057311912-PAIN.npz
aslcitizen,PAIN,P17,10719457796634213-PAIN,62,18,0.29,2.1,0.0,0.2,LOW_HAND_RATE,test__PAIN__P17__10719457796634213-PAIN.npz
aslcitizen,DRINK,P31,03800598663017607-DRINK,69,20,0.29,2.3,0.0,0.02,LOW_HAND_RATE,train__DRINK__P31__03800598663017607-DRINK.npz
aslcitizen,WHERE,P30,5589002661440625-WHERE,117,34,0.291,3.9,0.0,-0.48,LOW_HAND_RATE,train__WHERE__P30__5589002661440625-WHERE.npz
aslcitizen,WHERE,P15,4223618248504115-WHERE,89,26,0.292,2.97,0.0,-0.69,LOW_HAND_RATE,test__WHERE__P15__4223618248504115-WHERE.npz
wlasl,DEAF,WLASL_47,14896_24,120,35,0.292,4.0,0.0,0.31,LOW_HAND_RATE,train__DEAF__WLASL_47__wlasl_14896_24.npz
aslcitizen,THANKYOU,P43,014439537236845323-THANK YOU,89,26,0.292,2.97,0.0,0.37,LOW_HAND_RATE,train__THANKYOU__P43__014439537236845323-THANK YOU.npz
aslcitizen,WHERE,P39,6997365376367899-WHERE,120,35,0.292,4.0,0.0,-0.83,LOW_HAND_RATE,val__WHERE__P39__6997365376367899-WHERE.npz
aslcitizen,INTERPRETER,P11,47363878041045804-INTERPRETER,41,12,0.293,1.37,0.0,-0.14,LOW_HAND_RATE,train__INTERPRETER__P11__47363878041045804-INTERPRETER.npz
aslcitizen,NO,P29,9616432008129339-NO,75,22,0.293,2.5,0.0,0.94,LOW_HAND_RATE,train__NO__P29__9616432008129339-NO.npz
aslcitizen,MORE,P18,9340539684203915-MORE,61,18,0.295,2.44,0.0,1.09,LOW_HAND_RATE,test__MORE__P18__9340539684203915-MORE.npz
aslcitizen,WAIT,P48,7918796234967189-WAIT,78,23,0.295,2.6,0.0,-0.54,LOW_HAND_RATE,test__WAIT__P48__7918796234967189-WAIT.npz
aslcitizen,WHY,P47,30163868001403205-WHY,105,31,0.295,3.77,0.0,-0.5,LOW_HAND_RATE,test__WHY__P47__30163868001403205-WHY.npz
aslcitizen,UNDERSTAND,P51,31049412762325446-UNDERSTAND,61,18,0.295,2.03,0.0,-0.93,LOW_HAND_RATE,train__UNDERSTAND__P51__31049412762325446-UNDERSTAND.npz
aslcitizen,WHERE,P42,3614350392614152-WHERE,71,21,0.296,2.32,0.0,1.02,LOW_HAND_RATE,test__WHERE__P42__3614350392614152-WHERE.npz
aslcitizen,PAIN,P51,09600688128321644-PAIN,81,24,0.296,2.7,0.0,0.65,LOW_HAND_RATE,train__PAIN__P51__09600688128321644-PAIN.npz
aslcitizen,INTERPRETER,P6,09167552322941397-INTERPRETER,64,19,0.297,2.15,0.0,0.06,LOW_HAND_RATE,test__INTERPRETER__P6__09167552322941397-INTERPRETER.npz
aslcitizen,DEAF,P39,3952172347699263-DEAF,111,33,0.297,3.7,0.0,-0.52,LOW_HAND_RATE,val__DEAF__P39__3952172347699263-DEAF.npz
aslcitizen,WHAT,P17,46005351531190786-WHAT 2,57,17,0.298,1.86,0.0,-0.18,LOW_HAND_RATE,test__WHAT__P17__46005351531190786-WHAT 2.npz
aslcitizen,WHAT,P6,5039089573715827-WHAT 1,47,14,0.298,1.57,0.0,-0.35,LOW_HAND_RATE,test__WHAT__P6__5039089573715827-WHAT 1.npz
aslcitizen,WHAT,P6,9031186843157322-WHAT 2,47,14,0.298,1.58,0.0,-0.18,LOW_HAND_RATE,test__WHAT__P6__9031186843157322-WHAT 2.npz
aslcitizen,BATHROOM,P29,11874088368813918-BATHROOM,47,14,0.298,1.57,0.0,-0.58,LOW_HAND_RATE,train__BATHROOM__P29__11874088368813918-BATHROOM.npz
aslcitizen,DEAF,P36,6898724827814644-DEAF,57,17,0.298,1.87,0.0,-0.44,LOW_HAND_RATE,train__DEAF__P36__6898724827814644-DEAF.npz
aslcitizen,WHO,P30,9311041997261886-WHO,84,25,0.298,2.8,0.0,-0.15,LOW_HAND_RATE,train__WHO__P30__9311041997261886-WHO.npz
aslcitizen,DRINK,P39,7313509467149351-DRINK,114,34,0.298,3.8,0.0,0.71,LOW_HAND_RATE,val__DRINK__P39__7313509467149351-DRINK.npz
aslcitizen,UNDERSTAND,P47,941475953685674-UNDERSTAND,77,23,0.299,3.49,0.0,-0.77,LOW_HAND_RATE,test__UNDERSTAND__P47__941475953685674-UNDERSTAND.npz
aslcitizen,HUNGRY,P18,002348350992488646-HUNGRY,70,21,0.3,2.8,0.0,-0.34,LOW_HAND_RATE,test__HUNGRY__P18__002348350992488646-HUNGRY.npz
aslcitizen,NAME,P42,243956265655763-NAME,40,12,0.3,1.29,0.0,0.05,LOW_HAND_RATE,test__NAME__P42__243956265655763-NAME.npz
aslcitizen,SICK,P6,3438291198863894-SICK,50,15,0.3,1.67,0.0,-0.24,LOW_HAND_RATE,test__SICK__P6__3438291198863894-SICK.npz
aslcitizen,STOP,P6,975560309489212-STOP,50,15,0.3,1.67,0.0,-0.48,LOW_HAND_RATE,test__STOP__P6__975560309489212-STOP.npz
aslcitizen,WHAT,P18,5746393757052535-WHAT 1,80,24,0.3,3.2,0.0,0.47,LOW_HAND_RATE,test__WHAT__P18__5746393757052535-WHAT 1.npz
aslcitizen,THANKYOU,P14,06476990357042611-THANK YOU,60,18,0.3,2.0,0.0,-0.63,LOW_HAND_RATE,train__THANKYOU__P14__06476990357042611-THANK YOU.npz
aslcitizen,WHERE,P37,9824526442836845-WHERE,60,18,0.3,2.0,0.0,-0.05,LOW_HAND_RATE,train__WHERE__P37__9824526442836845-WHERE.npz
wlasl,YES,WLASL_36,64281_19,70,21,0.3,2.34,0.0,0.01,LOW_HAND_RATE,train__YES__WLASL_36__wlasl_64281_19.npz
aslcitizen,DRINK,P15,09371248383875841-DRINK,103,31,0.301,3.43,0.0,0.1,LOW_HAND_RATE,test__DRINK__P15__09371248383875841-DRINK.npz
aslcitizen,EAT,P48,753473700404141-EAT 2,73,22,0.301,2.43,0.0,0.42,LOW_HAND_RATE,test__EAT__P48__753473700404141-EAT 2.npz
aslcitizen,NO,P18,08228267952066615-NO,73,22,0.301,2.92,0.0,-0.93,LOW_HAND_RATE,test__NO__P18__08228267952066615-NO.npz
aslcitizen,BYE,P33,9729998715398667-BYE,156,47,0.301,5.13,0.0,1.79,LOW_HAND_RATE,train__BYE__P33__9729998715398667-BYE.npz
aslcitizen,MORE,P29,8116309886717166-MORE,43,13,0.302,1.43,0.0,0.65,LOW_HAND_RATE,train__MORE__P29__8116309886717166-MORE.npz
aslcitizen,WHAT,P21,9106828060005678-WHAT 2,53,16,0.302,1.74,0.0,-0.26,LOW_HAND_RATE,val__WHAT__P21__9106828060005678-WHAT 2.npz
wlasl,EAT,WLASL_36,18324_19,66,20,0.303,2.2,0.0,1.54,LOW_HAND_RATE,train__EAT__WLASL_36__wlasl_18324_19.npz
aslcitizen,PAIN,P26,2527077785378311-PAIN,66,20,0.303,2.17,0.0,1.0,LOW_HAND_RATE,val__PAIN__P26__2527077785378311-PAIN.npz
aslcitizen,DRINK,P49,4266956774131161-DRINK,23,7,0.304,1.54,0.0,0.17,LOW_HAND_RATE,test__DRINK__P49__4266956774131161-DRINK.npz
aslcitizen,EAT,P48,6239284754747361-EAT,69,21,0.304,2.3,0.0,-0.02,LOW_HAND_RATE,test__EAT__P48__6239284754747361-EAT.npz
aslcitizen,WHO,P18,042301515237099796-WHO,56,17,0.304,2.24,0.0,0.54,LOW_HAND_RATE,test__WHO__P18__042301515237099796-WHO.npz
wlasl,WHERE,WLASL_42,63081_8,112,34,0.304,3.74,0.0,-0.66,LOW_HAND_RATE,train__WHERE__WLASL_42__wlasl_63081_8.npz
aslcitizen,WHO,P29,6013608694688473-WHO,46,14,0.304,1.53,0.0,-0.83,LOW_HAND_RATE,train__WHO__P29__6013608694688473-WHO.npz
aslcitizen,STOP,P39,49400025068696496-STOP,112,34,0.304,3.73,0.0,0.2,LOW_HAND_RATE,val__STOP__P39__49400025068696496-STOP.npz
aslcitizen,DRINK,P42,0018695357180107397-DRINK 2,59,18,0.305,1.97,0.0,-0.79,LOW_HAND_RATE,test__DRINK__P42__0018695357180107397-DRINK 2.npz
aslcitizen,DRINK,P9,40358209943047574-DRINK,108,33,0.306,3.6,0.0,-0.24,LOW_HAND_RATE,test__DRINK__P9__40358209943047574-DRINK.npz
aslcitizen,HURT,P48,024957790105810895-HURT,98,30,0.306,3.27,0.0,-0.66,LOW_HAND_RATE,test__HURT__P48__024957790105810895-HURT.npz
aslcitizen,DEAF,P11,733342809835573-DEAF 2,62,19,0.306,2.07,0.0,-0.46,LOW_HAND_RATE,train__DEAF__P11__733342809835573-DEAF 2.npz
aslcitizen,STOP,P21,4382853991304725-STOP,49,15,0.306,1.64,0.0,-0.14,LOW_HAND_RATE,val__STOP__P21__4382853991304725-STOP.npz
aslcitizen,WHY,P15,7308465390923164-WHY,101,31,0.307,3.37,0.0,-0.56,LOW_HAND_RATE,test__WHY__P15__7308465390923164-WHY.npz
aslcitizen,MORE,P33,7455948118093856-MORE,150,46,0.307,5.01,0.0,0.47,LOW_HAND_RATE,train__MORE__P33__7455948118093856-MORE.npz
aslcitizen,DEAF,P18,001849777902119376-DEAF 2,65,20,0.308,2.6,0.0,-0.68,LOW_HAND_RATE,test__DEAF__P18__001849777902119376-DEAF 2.npz
aslcitizen,HOW,P18,9123431516469718-HOW 2,65,20,0.308,2.6,0.0,-0.22,LOW_HAND_RATE,test__HOW__P18__9123431516469718-HOW 2.npz
aslcitizen,BATHROOM,P11,3206219042409797-BATHROOM,52,16,0.308,1.74,0.0,0.22,LOW_HAND_RATE,train__BATHROOM__P11__3206219042409797-BATHROOM.npz
aslcitizen,HUNGRY,P37,7518611049674775-HUNGRY,65,20,0.308,2.17,0.0,-0.86,LOW_HAND_RATE,train__HUNGRY__P37__7518611049674775-HUNGRY.npz
aslcitizen,HURT,P51,958666333331422-HURT,39,12,0.308,2.6,0.0,0.57,LOW_HAND_RATE,train__HURT__P51__958666333331422-HURT.npz
aslcitizen,HURT,P7,7487799802593937-HURT,78,24,0.308,2.6,0.0,-0.6,LOW_HAND_RATE,train__HURT__P7__7487799802593937-HURT.npz
aslcitizen,THANKYOU,P10,8487114823108493-THANK YOU,104,32,0.308,3.43,0.0,-0.39,LOW_HAND_RATE,train__THANKYOU__P10__8487114823108493-THANK YOU.npz
aslcitizen,DEAF,P15,21166353600430976-DEAF,94,29,0.309,3.13,0.0,-0.38,LOW_HAND_RATE,test__DEAF__P15__21166353600430976-DEAF.npz
aslcitizen,BYE,P33,374824970052654-BYE,165,51,0.309,5.5,0.0,0.07,LOW_HAND_RATE,train__BYE__P33__374824970052654-BYE.npz
aslcitizen,EAT,P14,5847293981432022-EAT,55,17,0.309,1.8,0.0,-0.89,LOW_HAND_RATE,train__EAT__P14__5847293981432022-EAT.npz
aslcitizen,HOW,P21,2274519559281516-HOW 2,55,17,0.309,1.84,0.0,-0.55,LOW_HAND_RATE,val__HOW__P21__2274519559281516-HOW 2.npz
aslcitizen,HURT,P33,8680091165143533-HURT,200,62,0.31,6.67,0.0,-1.0,LOW_HAND_RATE,train__HURT__P33__8680091165143533-HURT.npz
aslcitizen,NO,P51,9979731168048327-NO,58,18,0.31,1.93,0.0,-0.2,LOW_HAND_RATE,train__NO__P51__9979731168048327-NO.npz
aslcitizen,DEAF,P48,40546392089559546-DEAF 2,74,23,0.311,2.47,0.0,0.06,LOW_HAND_RATE,test__DEAF__P48__40546392089559546-DEAF 2.npz
aslcitizen,WAIT,P33,25762006967045403-WAIT,167,52,0.311,5.57,0.0,-0.78,LOW_HAND_RATE,train__WAIT__P33__25762006967045403-WAIT.npz
aslcitizen,WHO,P26,8040413047655517-WHO,61,19,0.311,2.0,0.0,-0.94,LOW_HAND_RATE,val__WHO__P26__8040413047655517-WHO.npz
aslcitizen,HELP,P18,531487732428322-HELP,80,25,0.312,3.2,0.0,-0.52,LOW_HAND_RATE,test__HELP__P18__531487732428322-HELP.npz
aslcitizen,DEAF,P29,42295410903451014-DEAF,269,84,0.312,8.97,0.0,-0.59,LOW_HAND_RATE,train__DEAF__P29__42295410903451014-DEAF.npz
wlasl,WAIT,WLASL_56,62097_12,93,29,0.312,3.1,0.0,-0.36,LOW_HAND_RATE,train__WAIT__WLASL_56__wlasl_62097_12.npz
aslcitizen,WHO,P51,14452193915198386-WHO,64,20,0.312,2.13,0.0,-0.65,LOW_HAND_RATE,train__WHO__P51__14452193915198386-WHO.npz
aslcitizen,WATER,P30,057571220614212715-WATER,67,21,0.313,2.23,0.0,-0.5,LOW_HAND_RATE,train__WATER__P30__057571220614212715-WATER.npz
aslcitizen,WATER,P18,7006268761752481-WATER,70,22,0.314,2.8,0.0,-0.34,LOW_HAND_RATE,test__WATER__P18__7006268761752481-WATER.npz
aslcitizen,THANKYOU,P33,39425766670939555-THANK YOU,153,48,0.314,5.13,0.0,2.0,LOW_HAND_RATE,train__THANKYOU__P33__39425766670939555-THANK YOU.npz
aslcitizen,HELLO,P18,7076961883712545-HELLO,54,17,0.315,2.16,0.0,0.04,LOW_HAND_RATE,test__HELLO__P18__7076961883712545-HELLO.npz
aslcitizen,HOW,P6,3976156540390696-HOW,54,17,0.315,1.8,0.0,-0.18,LOW_HAND_RATE,test__HOW__P6__3976156540390696-HOW.npz
aslcitizen,WHAT,P9,5754797022070959-WHAT 1,108,34,0.315,3.6,0.0,0.13,LOW_HAND_RATE,test__WHAT__P9__5754797022070959-WHAT 1.npz
aslcitizen,WHERE,P11,37418457822538387-WHERE,54,17,0.315,1.8,0.0,-0.62,LOW_HAND_RATE,train__WHERE__P11__37418457822538387-WHERE.npz
aslcitizen,BYE,P39,9710569622157019-BYE,127,40,0.315,4.23,0.0,0.52,LOW_HAND_RATE,val__BYE__P39__9710569622157019-BYE.npz
aslcitizen,NO,P39,4656606080155459-NO,124,39,0.315,4.14,0.0,-0.98,LOW_HAND_RATE,val__NO__P39__4656606080155459-NO.npz
aslcitizen,BATHROOM,P7,4262461376364133-BATHROOM,63,20,0.317,2.09,0.0,-0.58,LOW_HAND_RATE,train__BATHROOM__P7__4262461376364133-BATHROOM.npz
aslcitizen,INTERPRETER,P7,683566604486493-INTERPRETER,41,13,0.317,2.73,0.0,-0.19,LOW_HAND_RATE,train__INTERPRETER__P7__683566604486493-INTERPRETER.npz
aslcitizen,WATER,P27,47911865396339715-WATER,60,19,0.317,2.0,0.0,-0.28,LOW_HAND_RATE,train__WATER__P27__47911865396339715-WATER.npz
aslcitizen,DRINK,P15,5287232905909216-DRINK 2,170,54,0.318,5.67,0.0,-0.46,LOW_HAND_RATE,test__DRINK__P15__5287232905909216-DRINK 2.npz
aslcitizen,HUNGRY,P16,0036168932795541675-HUNGRY,66,21,0.318,2.2,0.0,0.03,LOW_HAND_RATE,train__HUNGRY__P16__0036168932795541675-HUNGRY.npz
aslcitizen,WATER,P29,6099837370552477-WATER,44,14,0.318,1.47,0.0,-0.46,LOW_HAND_RATE,train__WATER__P29__6099837370552477-WATER.npz
aslcitizen,WHAT,P11,3288526883034957-WHAT 1,44,14,0.318,1.47,0.0,-0.38,LOW_HAND_RATE,train__WHAT__P11__3288526883034957-WHAT 1.npz
aslcitizen,EAT,P29,6816148658875862-EAT 2,47,15,0.319,1.57,0.0,-0.77,LOW_HAND_RATE,train__EAT__P29__6816148658875862-EAT 2.npz
aslcitizen,NO,P33,7932042062420475-NO,150,48,0.32,5.0,0.0,-0.17,LOW_HAND_RATE,train__NO__P33__7932042062420475-NO.npz
aslcitizen,STOP,P33,6922819981617203-STOP,231,74,0.32,7.74,0.0,-0.57,LOW_HAND_RATE,train__STOP__P33__6922819981617203-STOP.npz
aslcitizen,HURT,P21,6440601854085655-HURT,75,24,0.32,2.51,0.0,0.42,LOW_HAND_RATE,val__HURT__P21__6440601854085655-HURT.npz
aslcitizen,MORE,P48,813443212118808-MORE,78,25,0.321,2.6,0.0,0.13,LOW_HAND_RATE,test__MORE__P48__813443212118808-MORE.npz
aslcitizen,INTERPRETER,P50,16545208268054457-INTERPRETER,78,25,0.321,2.6,0.25,-0.14,LOW_HAND_RATE,train__INTERPRETER__P50__16545208268054457-INTERPRETER.npz
aslcitizen,SICK,P11,6714893583747881-SICK,53,17,0.321,1.77,0.0,-0.53,LOW_HAND_RATE,train__SICK__P11__6714893583747881-SICK.npz
aslcitizen,STOP,P27,08870380386555654-STOP,53,17,0.321,1.77,0.0,-0.36,LOW_HAND_RATE,train__STOP__P27__08870380386555654-STOP.npz
aslcitizen,WHO,P47,1788921553709799-WHO,90,29,0.322,3.01,0.0,-0.76,LOW_HAND_RATE,test__WHO__P47__1788921553709799-WHO.npz
aslcitizen,WATER,P4,29650119146688847-WATER,90,29,0.322,3.0,0.0,0.69,LOW_HAND_RATE,train__WATER__P4__29650119146688847-WATER.npz
aslcitizen,NAME,P18,2650581877009257-NAME,62,20,0.323,2.48,0.0,-0.13,LOW_HAND_RATE,test__NAME__P18__2650581877009257-NAME.npz
aslcitizen,HELLO,P50,9008261925178431-HELLO,65,21,0.323,2.17,0.0,-0.88,LOW_HAND_RATE,train__HELLO__P50__9008261925178431-HELLO.npz
aslcitizen,THANKYOU,P51,6912280773625425-THANK YOU,62,20,0.323,2.07,0.0,0.22,LOW_HAND_RATE,train__THANKYOU__P51__6912280773625425-THANK YOU.npz
aslcitizen,EAT,P15,931858330051655-EAT 2,102,33,0.324,3.4,0.0,-0.85,LOW_HAND_RATE,test__EAT__P15__931858330051655-EAT 2.npz
aslcitizen,WAIT,P42,8220736980572507-WAIT,34,11,0.324,1.13,0.0,-0.3,LOW_HAND_RATE,test__WAIT__P42__8220736980572507-WAIT.npz
aslcitizen,UNDERSTAND,P42,40550375821025386-UNDERSTAND,40,13,0.325,1.29,0.0,-0.92,LOW_HAND_RATE,test__UNDERSTAND__P42__40550375821025386-UNDERSTAND.npz
aslcitizen,NO,P37,09714329486323847-NO,40,13,0.325,1.33,0.0,1.3,LOW_HAND_RATE,train__NO__P37__09714329486323847-NO.npz
aslcitizen,THANKYOU,P39,16870669316247833-THANK YOU,117,38,0.325,3.9,0.0,1.94,LOW_HAND_RATE,val__THANKYOU__P39__16870669316247833-THANK YOU.npz
aslcitizen,DRINK,P47,9812515328553977-DRINK,89,29,0.326,3.51,0.0,1.78,LOW_HAND_RATE,test__DRINK__P47__9812515328553977-DRINK.npz
aslcitizen,DRINK,P11,27973404455034934-DRINK 2,43,14,0.326,1.44,0.0,-0.14,LOW_HAND_RATE,train__DRINK__P11__27973404455034934-DRINK 2.npz
aslcitizen,HOW,P29,31724875643038497-HOW 2,43,14,0.326,1.43,0.0,-0.1,LOW_HAND_RATE,train__HOW__P29__31724875643038497-HOW 2.npz
aslcitizen,HOW,P45,021939327153324584-HOW,89,29,0.326,2.84,0.0,-0.87,LOW_HAND_RATE,train__HOW__P45__021939327153324584-HOW.npz
aslcitizen,EAT,P14,3000727886718244-EAT 2,52,17,0.327,1.7,0.0,-0.31,LOW_HAND_RATE,train__EAT__P14__3000727886718244-EAT 2.npz
aslcitizen,WATER,P5,7530258985595248-WATER,101,33,0.327,3.33,0.0,0.16,LOW_HAND_RATE,val__WATER__P5__7530258985595248-WATER.npz
aslcitizen,DEAF,P51,1672648144513147-DEAF,64,21,0.328,2.13,0.0,-0.39,LOW_HAND_RATE,train__DEAF__P51__1672648144513147-DEAF.npz
aslcitizen,BATHROOM,P39,3622050510913253-BATHROOM,137,45,0.328,4.57,0.0,-0.62,LOW_HAND_RATE,val__BATHROOM__P39__3622050510913253-BATHROOM.npz
aslcitizen,HOW,P42,028264130143242472-HOW,79,26,0.329,2.64,0.0,-0.43,LOW_HAND_RATE,test__HOW__P42__028264130143242472-HOW.npz
aslcitizen,WHAT,P16,8979365940146831-WHAT 1,76,25,0.329,2.53,0.0,-0.27,LOW_HAND_RATE,train__WHAT__P16__8979365940146831-WHAT 1.npz
aslcitizen,DRINK,P30,9757502559319415-DRINK,91,30,0.33,3.04,0.0,-0.43,LOW_HAND_RATE,train__DRINK__P30__9757502559319415-DRINK.npz
aslcitizen,THANKYOU,P2,021145910536055412-THANK YOU,88,29,0.33,2.93,0.0,-1.28,LOW_HAND_RATE,train__THANKYOU__P2__021145910536055412-THANK YOU.npz
aslcitizen,HOW,P52,8835516863640922-seedHOW,121,40,0.331,3.99,0.0,-0.52,LOW_HAND_RATE,train__HOW__P52__8835516863640922-seedHOW.npz
aslcitizen,YES,P39,42327270691916885-YES,118,39,0.331,3.93,0.0,-0.37,LOW_HAND_RATE,val__YES__P39__42327270691916885-YES.npz
aslcitizen,PAIN,P47,6005329882355028-PAIN,108,36,0.333,3.47,0.0,1.39,LOW_HAND_RATE,test__PAIN__P47__6005329882355028-PAIN.npz
aslcitizen,WHERE,P49,2868358953291379-WHERE,24,8,0.333,1.6,0.0,0.07,LOW_HAND_RATE,test__WHERE__P49__2868358953291379-WHERE.npz
aslcitizen,EAT,P29,7468673870660452-EAT,66,22,0.333,2.2,0.0,-0.98,LOW_HAND_RATE,train__EAT__P29__7468673870660452-EAT.npz
aslcitizen,EAT,P50,6012215303497841-EAT,81,27,0.333,2.7,0.0,-0.89,LOW_HAND_RATE,train__EAT__P50__6012215303497841-EAT.npz
aslcitizen,HELLO,P37,8486809407942575-HELLO,66,22,0.333,2.2,0.0,-0.9,LOW_HAND_RATE,train__HELLO__P37__8486809407942575-HELLO.npz
aslcitizen,MORE,P11,05959007956304285-MORE,54,18,0.333,1.81,0.0,-0.23,LOW_HAND_RATE,train__MORE__P11__05959007956304285-MORE.npz
aslcitizen,PLEASE,P7,31545854783740124-PLEASE,75,25,0.333,2.46,0.0,-0.66,LOW_HAND_RATE,train__PLEASE__P7__31545854783740124-PLEASE.npz
aslcitizen,WHY,P50,48459131285186974-WHY,60,20,0.333,2.0,0.0,-0.71,LOW_HAND_RATE,train__WHY__P50__48459131285186974-WHY.npz
aslcitizen,MORE,P21,009299695590603507-MORE,57,19,0.333,1.9,0.0,-0.46,LOW_HAND_RATE,val__MORE__P21__009299695590603507-MORE.npz
aslcitizen,PAIN,P29,11941328359061032-PAIN,224,75,0.335,7.47,0.0,-0.26,LOW_HAND_RATE,train__PAIN__P29__11941328359061032-PAIN.npz
aslcitizen,HELP,P15,3347819641252294-HELP,146,49,0.336,4.87,0.0,2.07,LOW_HAND_RATE,test__HELP__P15__3347819641252294-HELP.npz
aslcitizen,EAT,P47,25398273569443774-EAT,98,33,0.337,3.3,0.0,-0.95,LOW_HAND_RATE,test__EAT__P47__25398273569443774-EAT.npz
aslcitizen,SICK,P31,239829373517368-SICK,92,31,0.337,3.07,0.053,-0.42,LOW_HAND_RATE,train__SICK__P31__239829373517368-SICK.npz
aslcitizen,PAIN,P18,7706892251614081-PAIN,71,24,0.338,2.84,0.0,1.42,LOW_HAND_RATE,test__PAIN__P18__7706892251614081-PAIN.npz
aslcitizen,WAIT,P18,624921199330932-WAIT,50,17,0.34,3.3,0.0,-0.2,LOW_HAND_RATE,test__WAIT__P18__624921199330932-WAIT.npz
aslcitizen,WHAT,P11,8017117058905951-WHAT 2,47,16,0.34,1.57,0.0,-0.17,LOW_HAND_RATE,train__WHAT__P11__8017117058905951-WHAT 2.npz
aslcitizen,YES,P11,15498675309554577-YES,47,16,0.34,1.57,0.0,-0.3,LOW_HAND_RATE,train__YES__P11__15498675309554577-YES.npz
aslcitizen,YES,P29,15689453699180178-YES,47,16,0.34,1.57,0.0,0.03,LOW_HAND_RATE,train__YES__P29__15689453699180178-YES.npz
aslcitizen,HURT,P12,17739780073785405-HURT,50,17,0.34,1.67,0.0,-0.33,LOW_HAND_RATE,val__HURT__P12__17739780073785405-HURT.npz
aslcitizen,BATHROOM,P33,2047466313235069-BATHROOM,173,59,0.341,5.77,0.0,0.54,LOW_HAND_RATE,train__BATHROOM__P33__2047466313235069-BATHROOM.npz
aslcitizen,HUNGRY,P29,761313788407632-HUNGRY,44,15,0.341,1.47,0.0,-0.71,LOW_HAND_RATE,train__HUNGRY__P29__761313788407632-HUNGRY.npz
aslcitizen,NAME,P27,9851992475740963-NAME,91,31,0.341,3.03,0.0,-1.1,LOW_HAND_RATE,train__NAME__P27__9851992475740963-NAME.npz
aslcitizen,WAIT,P11,8270409786931296-WAIT,41,14,0.341,1.37,0.0,-0.5,LOW_HAND_RATE,train__WAIT__P11__8270409786931296-WAIT.npz
aslcitizen,HOW,P39,6271713081961889-HOW,126,43,0.341,4.2,0.0,0.13,LOW_HAND_RATE,val__HOW__P39__6271713081961889-HOW.npz
aslcitizen,WAIT,P5,19418271966399425-WAIT,88,30,0.341,2.93,0.0,-0.31,LOW_HAND_RATE,val__WAIT__P5__19418271966399425-WAIT.npz
aslcitizen,EAT,P31,6460191084812579-EAT,79,27,0.342,2.63,0.0,-1.03,LOW_HAND_RATE,train__EAT__P31__6460191084812579-EAT.npz
aslcitizen,HELP,P30,5574926687456125-HELP,76,26,0.342,2.53,0.0,-1.15,LOW_HAND_RATE,train__HELP__P30__5574926687456125-HELP.npz
aslcitizen,MORE,P51,7267227999834953-MORE,73,25,0.342,2.43,0.0,-0.62,LOW_HAND_RATE,train__MORE__P51__7267227999834953-MORE.npz
aslcitizen,WHAT,P30,8907945228853642-WHAT 2,114,39,0.342,3.8,0.0,0.87,LOW_HAND_RATE,train__WHAT__P30__8907945228853642-WHAT 2.npz
aslcitizen,WAIT,P26,6368510219023522-WAIT,76,26,0.342,2.5,0.062,1.26,LOW_HAND_RATE,val__WAIT__P26__6368510219023522-WAIT.npz
aslcitizen,UNDERSTAND,P9,5169212541197368-UNDERSTAND,90,31,0.344,3.01,0.0,-0.65,LOW_HAND_RATE,test__UNDERSTAND__P9__5169212541197368-UNDERSTAND.npz
aslcitizen,MORE,P50,48891811825038345-MORE,64,22,0.344,2.13,0.0,-0.31,LOW_HAND_RATE,train__MORE__P50__48891811825038345-MORE.npz
aslcitizen,UNDERSTAND,P50,4268222409175071-UNDERSTAND,61,21,0.344,2.03,0.0,-0.99,LOW_HAND_RATE,train__UNDERSTAND__P50__4268222409175071-UNDERSTAND.npz
aslcitizen,WHAT,P29,873585487906021-WHAT 1,224,77,0.344,7.47,0.0,-0.41,LOW_HAND_RATE,train__WHAT__P29__873585487906021-WHAT 1.npz
aslcitizen,WHAT,P50,5907336185978251-WHAT 2,64,22,0.344,2.13,0.0,-0.34,LOW_HAND_RATE,train__WHAT__P50__5907336185978251-WHAT 2.npz
aslcitizen,HOW,P18,9935032342175718-HOW,55,19,0.345,2.2,0.0,-0.15,LOW_HAND_RATE,test__HOW__P18__9935032342175718-HOW.npz
aslcitizen,DRINK,P21,36996117552353014-DRINK 2,55,19,0.345,1.83,0.0,-0.73,LOW_HAND_RATE,val__DRINK__P21__36996117552353014-DRINK 2.npz
aslcitizen,UNDERSTAND,P9,1376861841044581-UNDERSTAND,81,28,0.346,2.67,0.0,-0.07,LOW_HAND_RATE,test__UNDERSTAND__P9__1376861841044581-UNDERSTAND.npz
aslcitizen,EAT,P50,43234510854275543-EAT,107,37,0.346,3.57,0.0,2.93,LOW_HAND_RATE,train__EAT__P50__43234510854275543-EAT.npz
aslcitizen,NO,P52,2688720555507844-seedNO,104,36,0.346,3.43,0.0,-1.08,LOW_HAND_RATE,train__NO__P52__2688720555507844-seedNO.npz
aslcitizen,SORRY,P14,589235585874496-SORRY,78,27,0.346,2.6,0.0,-0.49,LOW_HAND_RATE,train__SORRY__P14__589235585874496-SORRY.npz
aslcitizen,HELLO,P21,20675411351630046-HELLO,52,18,0.346,1.74,0.0,-0.81,LOW_HAND_RATE,val__HELLO__P21__20675411351630046-HELLO.npz
aslcitizen,YES,P39,26056519285644875-YES,107,37,0.346,3.57,0.0,-0.27,LOW_HAND_RATE,val__YES__P39__26056519285644875-YES.npz
aslcitizen,DRINK,P39,6484470716683486-DRINK 2,121,42,0.347,4.03,0.0,-0.84,LOW_HAND_RATE,val__DRINK__P39__6484470716683486-DRINK 2.npz
aslcitizen,HELP,P48,9203747770494983-HELP,92,32,0.348,3.07,0.0,-0.18,LOW_HAND_RATE,test__HELP__P48__9203747770494983-HELP.npz
aslcitizen,HOW,P15,670019265660998-HOW,158,55,0.348,5.27,0.0,0.71,LOW_HAND_RATE,test__HOW__P15__670019265660998-HOW.npz
aslcitizen,MORE,P4,9858229995286099-MORE,92,32,0.348,3.08,0.0,-0.81,LOW_HAND_RATE,train__MORE__P4__9858229995286099-MORE.npz
aslcitizen,UNDERSTAND,P33,8604241021179426-UNDERSTAND,141,49,0.348,4.73,0.0,-0.29,LOW_HAND_RATE,train__UNDERSTAND__P33__8604241021179426-UNDERSTAND.npz
aslcitizen,YES,P24,9009854854743657-YES,66,23,0.348,2.2,0.0,-0.18,LOW_HAND_RATE,train__YES__P24__9009854854743657-YES.npz
aslcitizen,HELLO,P47,7027473793210652-HELLO,83,29,0.349,3.22,0.0,-0.32,LOW_HAND_RATE,test__HELLO__P47__7027473793210652-HELLO.npz
aslcitizen,HUNGRY,P47,8268071690304826-HUNGRY,106,37,0.349,4.27,0.0,-0.89,LOW_HAND_RATE,test__HUNGRY__P47__8268071690304826-HUNGRY.npz
aslcitizen,UNDERSTAND,P22,27832701315476815-UNDERSTAND,43,15,0.349,1.43,0.0,0.45,LOW_HAND_RATE,test__UNDERSTAND__P22__27832701315476815-UNDERSTAND.npz
aslcitizen,WHERE,P47,37275461912744046-WHERE,109,38,0.349,3.52,0.0,0.04,LOW_HAND_RATE,test__WHERE__P47__37275461912744046-WHERE.npz
aslcitizen,WHY,P17,15735328773357837-WHY,86,30,0.349,2.8,0.056,-0.15,LOW_HAND_RATE,test__WHY__P17__15735328773357837-WHY.npz
aslcitizen,DEAF,P33,942544967818546-DEAF,152,53,0.349,5.07,0.0,0.6,LOW_HAND_RATE,train__DEAF__P33__942544967818546-DEAF.npz
aslcitizen,DEAF,P50,6965626273607881-DEAF,63,22,0.349,2.1,0.0,-0.5,LOW_HAND_RATE,train__DEAF__P50__6965626273607881-DEAF.npz
aslcitizen,EAT,P51,37437679515669386-EAT 2,86,30,0.349,2.87,0.0,-0.77,LOW_HAND_RATE,train__EAT__P51__37437679515669386-EAT 2.npz
aslcitizen,STOP,P37,8893256597213444-STOP,86,30,0.349,2.87,0.0,-0.58,LOW_HAND_RATE,train__STOP__P37__8893256597213444-STOP.npz
aslcitizen,THANKYOU,P50,0912245735671211-THANK YOU,86,30,0.349,2.87,0.0,-0.97,LOW_HAND_RATE,train__THANKYOU__P50__0912245735671211-THANK YOU.npz
aslcitizen,WAIT,P50,15263395462454632-WAIT,83,29,0.349,2.77,0.0,-0.26,LOW_HAND_RATE,train__WAIT__P50__15263395462454632-WAIT.npz
aslcitizen,WHAT,P9,16203881271680576-WHAT 2,103,36,0.35,3.44,0.0,-0.2,LOW_HAND_RATE,test__WHAT__P9__16203881271680576-WHAT 2.npz
aslcitizen,BYE,P47,6225526845167895-BYE,74,26,0.351,3.12,0.0,-0.54,LOW_HAND_RATE,test__BYE__P47__6225526845167895-BYE.npz
aslcitizen,WATER,P42,9541613491243199-WATER,37,13,0.351,1.23,0.0,-0.53,LOW_HAND_RATE,test__WATER__P42__9541613491243199-WATER.npz
aslcitizen,DRINK,P33,18972692322051077-DRINK 2,171,60,0.351,5.7,0.0,-0.46,LOW_HAND_RATE,train__DRINK__P33__18972692322051077-DRINK 2.npz
aslcitizen,SICK,P7,7468545549250416-SICK,74,26,0.351,2.45,0.0,1.21,LOW_HAND_RATE,train__SICK__P7__7468545549250416-SICK.npz
aslcitizen,WATER,P14,03892908647294191-WATER,57,20,0.351,1.9,0.0,-0.5,LOW_HAND_RATE,train__WATER__P14__03892908647294191-WATER.npz
aslcitizen,UNDERSTAND,P47,3018334807491294-UNDERSTAND,88,31,0.352,2.86,0.0,-0.55,LOW_HAND_RATE,test__UNDERSTAND__P47__3018334807491294-UNDERSTAND.npz
aslcitizen,EAT,P47,8673550975339348-EAT 2,85,30,0.353,2.75,0.0,-0.29,LOW_HAND_RATE,test__EAT__P47__8673550975339348-EAT 2.npz
aslcitizen,UNDERSTAND,P27,030959011181703078-UNDERSTAND,51,18,0.353,1.7,0.0,0.59,LOW_HAND_RATE,train__UNDERSTAND__P27__030959011181703078-UNDERSTAND.npz
aslcitizen,DRINK,P18,35888089534387335-DRINK 2,65,23,0.354,2.6,0.0,-0.77,LOW_HAND_RATE,test__DRINK__P18__35888089534387335-DRINK 2.npz
aslcitizen,DRINK,P47,6756383681583675-DRINK 2,99,35,0.354,3.34,0.0,-0.82,LOW_HAND_RATE,test__DRINK__P47__6756383681583675-DRINK 2.npz
aslcitizen,DRINK,P27,5600935739224888-DRINK,48,17,0.354,1.6,0.0,-0.32,LOW_HAND_RATE,train__DRINK__P27__5600935739224888-DRINK.npz
aslcitizen,UNDERSTAND,P30,5190569218964376-UNDERSTAND,99,35,0.354,3.3,0.0,-0.78,LOW_HAND_RATE,train__UNDERSTAND__P30__5190569218964376-UNDERSTAND.npz
aslcitizen,WHAT,P40,011439809438488657-WHAT 2,79,28,0.354,2.64,0.0,-0.21,LOW_HAND_RATE,train__WHAT__P40__011439809438488657-WHAT 2.npz
aslcitizen,BATHROOM,P15,998805782836137-BATHROOM,124,44,0.355,4.13,0.0,-0.78,LOW_HAND_RATE,test__BATHROOM__P15__998805782836137-BATHROOM.npz
aslcitizen,HUNGRY,P15,3274086349316525-HUNGRY,107,38,0.355,3.57,0.0,-0.31,LOW_HAND_RATE,test__HUNGRY__P15__3274086349316525-HUNGRY.npz
aslcitizen,PAIN,P9,37134269046205026-PAIN,93,33,0.355,3.1,0.0,-1.12,LOW_HAND_RATE,test__PAIN__P9__37134269046205026-PAIN.npz
aslcitizen,THANKYOU,P29,5932207271660643-THANK YOU,211,75,0.355,7.03,0.0,0.45,LOW_HAND_RATE,train__THANKYOU__P29__5932207271660643-THANK YOU.npz
aslcitizen,WAIT,P39,5205785031120291-WAIT,110,39,0.355,3.67,0.0,2.97,LOW_HAND_RATE,val__WAIT__P39__5205785031120291-WAIT.npz
aslcitizen,NO,P15,7525332129995586-NO,90,32,0.356,3.0,0.0,-1.08,LOW_HAND_RATE,test__NO__P15__7525332129995586-NO.npz
aslcitizen,DRINK,P51,6196253651803971-DRINK,59,21,0.356,1.97,0.0,-0.78,LOW_HAND_RATE,train__DRINK__P51__6196253651803971-DRINK.npz
aslcitizen,HOW,P11,48582056242680793-HOW 2,45,16,0.356,1.5,0.0,-0.14,LOW_HAND_RATE,train__HOW__P11__48582056242680793-HOW 2.npz
aslcitizen,STOP,P11,21963390619756917-STOP,45,16,0.356,1.5,0.0,-0.73,LOW_HAND_RATE,train__STOP__P11__21963390619756917-STOP.npz
wlasl,STOP,WLASL_63,54922_2,90,32,0.356,3.0,0.0,-0.34,LOW_HAND_RATE,train__STOP__WLASL_63__wlasl_54922_2.npz
aslcitizen,WATER,P51,7276443456531434-WATER,132,47,0.356,4.4,0.0,0.67,LOW_HAND_RATE,train__WATER__P51__7276443456531434-WATER.npz
wlasl,WHAT,WLASL_42,62964_21,90,32,0.356,3.0,0.0,-0.24,LOW_HAND_RATE,train__WHAT__WLASL_42__wlasl_62964_21.npz
aslcitizen,HOW,P48,7290597714370646-HOW 2,70,25,0.357,2.33,0.0,-0.23,LOW_HAND_RATE,test__HOW__P48__7290597714370646-HOW 2.npz
aslcitizen,WHAT,P22,4880162825887451-WHAT 1,70,25,0.357,2.33,0.0,-0.43,LOW_HAND_RATE,test__WHAT__P22__4880162825887451-WHAT 1.npz
aslcitizen,HELLO,P15,7648996670040624-HELLO,81,29,0.358,2.7,0.0,-0.15,LOW_HAND_RATE,test__HELLO__P15__7648996670040624-HELLO.npz
aslcitizen,PLEASE,P15,8449958018804076-PLEASE,106,38,0.358,3.53,0.0,-1.21,LOW_HAND_RATE,test__PLEASE__P15__8449958018804076-PLEASE.npz
aslcitizen,WHAT,P40,576125539435921-WHAT 1,95,34,0.358,3.17,0.0,-0.19,LOW_HAND_RATE,train__WHAT__P40__576125539435921-WHAT 1.npz
aslcitizen,HELLO,P47,8364377695946923-HELLO,78,28,0.359,2.91,0.0,-0.45,LOW_HAND_RATE,test__HELLO__P47__8364377695946923-HELLO.npz
aslcitizen,SORRY,P48,9645970507449169-SORRY,92,33,0.359,3.07,0.0,-0.43,LOW_HAND_RATE,test__SORRY__P48__9645970507449169-SORRY.npz
aslcitizen,WHAT,P18,8880006166221515-WHAT 2,64,23,0.359,2.56,0.077,-0.07,LOW_HAND_RATE,test__WHAT__P18__8880006166221515-WHAT 2.npz
aslcitizen,YES,P47,41279108584600577-YES,92,33,0.359,2.97,0.0,-0.32,LOW_HAND_RATE,test__YES__P47__41279108584600577-YES.npz
aslcitizen,MORE,P30,6684303463308252-MORE,86,31,0.36,2.84,0.0,-0.57,LOW_HAND_RATE,train__MORE__P30__6684303463308252-MORE.npz
aslcitizen,WHERE,P22,41673665309194896-WHERE,36,13,0.361,1.2,0.0,0.1,LOW_HAND_RATE,test__WHERE__P22__41673665309194896-WHERE.npz
aslcitizen,WHY,P9,1861131167759893-WHY,83,30,0.361,2.77,0.0,-0.61,LOW_HAND_RATE,test__WHY__P9__1861131167759893-WHY.npz
aslcitizen,EAT,P7,3407129339550383-EAT,61,22,0.361,2.01,0.0,0.23,LOW_HAND_RATE,train__EAT__P7__3407129339550383-EAT.npz
aslcitizen,SICK,P33,6022729155127093-SICK,158,57,0.361,5.27,0.0,-0.36,LOW_HAND_RATE,train__SICK__P33__6022729155127093-SICK.npz
aslcitizen,WHAT,P37,8405493387581946-WHAT 2,83,30,0.361,2.77,0.0,-0.25,LOW_HAND_RATE,train__WHAT__P37__8405493387581946-WHAT 2.npz
aslcitizen,DEAF,P15,7832073715070595-DEAF 2,160,58,0.362,5.34,0.0,-0.03,LOW_HAND_RATE,test__DEAF__P15__7832073715070595-DEAF 2.npz
aslcitizen,NO,P47,5278795760893484-NO,69,25,0.362,2.83,0.0,-1.03,LOW_HAND_RATE,test__NO__P47__5278795760893484-NO.npz
aslcitizen,NAME,P31,7743830371689544-NAME,80,29,0.362,2.67,0.0,0.13,LOW_HAND_RATE,train__NAME__P31__7743830371689544-NAME.npz
aslcitizen,WHAT,P11,9731388047096738-WHAT 1,47,17,0.362,1.57,0.0,-0.18,LOW_HAND_RATE,train__WHAT__P11__9731388047096738-WHAT 1.npz
aslcitizen,HOW,P33,6445699135022072-HOW,135,49,0.363,4.5,0.0,-0.04,LOW_HAND_RATE,train__HOW__P33__6445699135022072-HOW.npz
aslcitizen,HOW,P39,026060585634413602-HOW 2,102,37,0.363,3.4,0.0,2.06,LOW_HAND_RATE,val__HOW__P39__026060585634413602-HOW 2.npz
aslcitizen,BATHROOM,P18,6681560918281026-BATHROOM,55,20,0.364,2.2,0.0,-0.54,LOW_HAND_RATE,test__BATHROOM__P18__6681560918281026-BATHROOM.npz
aslcitizen,NO,P22,6645554412949413-NO,33,12,0.364,1.1,0.0,0.53,LOW_HAND_RATE,test__NO__P22__6645554412949413-NO.npz
aslcitizen,DRINK,P11,980212048263337-DRINK,55,20,0.364,1.84,0.0,-0.74,LOW_HAND_RATE,train__DRINK__P11__980212048263337-DRINK.npz
aslcitizen,MORE,P37,7168321371853796-MORE,55,20,0.364,1.84,0.0,-0.5,LOW_HAND_RATE,train__MORE__P37__7168321371853796-MORE.npz
aslcitizen,BATHROOM,P21,2363946724780117-BATHROOM,55,20,0.364,1.83,0.0,0.8,LOW_HAND_RATE,val__BATHROOM__P21__2363946724780117-BATHROOM.npz
aslcitizen,UNDERSTAND,P18,6762437534373142-UNDERSTAND,63,23,0.365,2.52,0.0,-0.25,LOW_HAND_RATE,test__UNDERSTAND__P18__6762437534373142-UNDERSTAND.npz
aslcitizen,WHY,P9,5584013314005547-WHY,104,38,0.365,3.43,0.0,-0.22,LOW_HAND_RATE,test__WHY__P9__5584013314005547-WHY.npz
aslcitizen,UNDERSTAND,P21,8071758688201891-UNDERSTAND,52,19,0.365,1.7,0.0,2.35,LOW_HAND_RATE,val__UNDERSTAND__P21__8071758688201891-UNDERSTAND.npz
aslcitizen,DRINK,P22,2505702369833467-DRINK,41,15,0.366,1.37,0.0,-0.14,LOW_HAND_RATE,test__DRINK__P22__2505702369833467-DRINK.npz
aslcitizen,DEAF,P7,4153430361974173-DEAF,71,26,0.366,2.34,0.0,-0.43,LOW_HAND_RATE,train__DEAF__P7__4153430361974173-DEAF.npz
aslcitizen,HOW,P11,2861187051971712-HOW,71,26,0.366,2.37,0.0,-0.67,LOW_HAND_RATE,train__HOW__P11__2861187051971712-HOW.npz
aslcitizen,NAME,P40,45850991964011034-NAME,101,37,0.366,3.33,0.0,0.4,LOW_HAND_RATE,train__NAME__P40__45850991964011034-NAME.npz
aslcitizen,DEAF,P15,7728056611070833-DEAF,79,29,0.367,2.58,0.0,-0.2,LOW_HAND_RATE,test__DEAF__P15__7728056611070833-DEAF.npz
aslcitizen,EAT,P35,4524158338314277-EAT,49,18,0.367,1.64,0.0,-0.64,LOW_HAND_RATE,test__EAT__P35__4524158338314277-EAT.npz
aslcitizen,PAIN,P36,0061254309383598216-PAIN,60,22,0.367,1.97,0.0,-0.43,LOW_HAND_RATE,train__PAIN__P36__0061254309383598216-PAIN.npz
aslcitizen,WHAT,P37,5156462562582522-WHAT 1,60,22,0.367,2.0,0.0,-0.31,LOW_HAND_RATE,train__WHAT__P37__5156462562582522-WHAT 1.npz
aslcitizen,YES,P50,7199140986089654-YES,79,29,0.367,2.63,0.0,-0.36,LOW_HAND_RATE,train__YES__P50__7199140986089654-YES.npz
aslcitizen,WHY,P6,36979047566586587-WHY,38,14,0.368,1.27,0.0,0.0,LOW_HAND_RATE,test__WHY__P6__36979047566586587-WHY.npz
aslcitizen,HOW,P52,16924808086665677-seedHOW 2,87,32,0.368,2.87,0.0,-0.75,LOW_HAND_RATE,train__HOW__P52__16924808086665677-seedHOW 2.npz
aslcitizen,STOP,P37,6529230226346452-STOP,57,21,0.368,1.9,0.0,-0.15,LOW_HAND_RATE,train__STOP__P37__6529230226346452-STOP.npz
aslcitizen,WHO,P36,18521627111046346-WHO,68,25,0.368,2.27,0.0,-0.96,LOW_HAND_RATE,train__WHO__P36__18521627111046346-WHO.npz
aslcitizen,PAIN,P7,653467965832647-PAIN,84,31,0.369,2.77,0.0,-0.45,LOW_HAND_RATE,train__PAIN__P7__653467965832647-PAIN.npz
aslcitizen,WATER,P7,7449721965435019-WATER,65,24,0.369,2.12,0.0,-0.33,LOW_HAND_RATE,train__WATER__P7__7449721965435019-WATER.npz
aslcitizen,WHAT,P39,37186838838285174-WHAT 1,119,44,0.37,3.97,0.0,-0.27,LOW_HAND_RATE,val__WHAT__P39__37186838838285174-WHAT 1.npz
aslcitizen,EAT,P22,5035301373430681-EAT,35,13,0.371,1.17,0.0,0.12,LOW_HAND_RATE,test__EAT__P22__5035301373430681-EAT.npz
aslcitizen,HOW,P31,9421879642468542-HOW 2,89,33,0.371,2.97,0.0,-0.42,LOW_HAND_RATE,train__HOW__P31__9421879642468542-HOW 2.npz
aslcitizen,HUNGRY,P4,25239341433776796-HUNGRY,97,36,0.371,3.34,0.0,0.62,LOW_HAND_RATE,train__HUNGRY__P4__25239341433776796-HUNGRY.npz
aslcitizen,NAME,P47,418905208580302-NAME,94,35,0.372,3.14,0.0,-0.84,LOW_HAND_RATE,test__NAME__P47__418905208580302-NAME.npz
aslcitizen,WHY,P35,576863051440268-WHY,86,32,0.372,2.87,0.0,-0.42,LOW_HAND_RATE,test__WHY__P35__576863051440268-WHY.npz
aslcitizen,HOW,P23,4491594387505147-HOW 2,78,29,0.372,2.61,0.0,-0.92,LOW_HAND_RATE,train__HOW__P23__4491594387505147-HOW 2.npz
aslcitizen,NO,P31,01379619951634381-NO,86,32,0.372,2.87,0.0,-1.07,LOW_HAND_RATE,train__NO__P31__01379619951634381-NO.npz
aslcitizen,HELP,P29,9483688560737478-HELP,51,19,0.373,1.7,0.0,-0.33,LOW_HAND_RATE,train__HELP__P29__9483688560737478-HELP.npz
aslcitizen,HOW,P50,3119997663932217-HOW,67,25,0.373,2.23,0.0,-0.3,LOW_HAND_RATE,train__HOW__P50__3119997663932217-HOW.npz
wlasl,SICK,WLASL_63,51501_17,102,38,0.373,3.4,0.0,-0.38,LOW_HAND_RATE,train__SICK__WLASL_63__wlasl_51501_17.npz
aslcitizen,DRINK,P26,37918472044314444-DRINK,51,19,0.373,1.67,0.0,-0.71,LOW_HAND_RATE,val__DRINK__P26__37918472044314444-DRINK.npz
aslcitizen,WATER,P21,414141284745577-WATER,51,19,0.373,1.7,0.0,-0.34,LOW_HAND_RATE,val__WATER__P21__414141284745577-WATER.npz
aslcitizen,PAIN,P15,5243643279901755-PAIN,91,34,0.374,3.03,0.0,-0.8,LOW_HAND_RATE,test__PAIN__P15__5243643279901755-PAIN.npz
aslcitizen,DEAF,P47,09902338777880337-DEAF,88,33,0.375,2.94,0.0,-0.49,LOW_HAND_RATE,test__DEAF__P47__09902338777880337-DEAF.npz
aslcitizen,DEAF,P47,5776702991642169-DEAF 2,96,36,0.375,3.09,0.0,-0.86,LOW_HAND_RATE,test__DEAF__P47__5776702991642169-DEAF 2.npz
aslcitizen,HOW,P47,25844912689873545-HOW 2,104,39,0.375,3.36,0.0,1.0,LOW_HAND_RATE,test__HOW__P47__25844912689873545-HOW 2.npz
aslcitizen,HURT,P49,45700493347203897-HURT,40,15,0.375,2.67,0.25,-0.27,LOW_HAND_RATE,test__HURT__P49__45700493347203897-HURT.npz
aslcitizen,WATER,P22,6252432727581858-WATER,40,15,0.375,1.33,0.0,0.05,LOW_HAND_RATE,test__WATER__P22__6252432727581858-WATER.npz
aslcitizen,WATER,P47,4408911106822304-WATER,96,36,0.375,3.19,0.0,-0.61,LOW_HAND_RATE,test__WATER__P47__4408911106822304-WATER.npz
aslcitizen,YES,P31,709429051156695-YES,93,35,0.376,3.1,0.0,-0.31,LOW_HAND_RATE,train__YES__P31__709429051156695-YES.npz
aslcitizen,NO,P14,370678413428154-NO,53,20,0.377,1.77,0.0,-0.99,LOW_HAND_RATE,train__NO__P14__370678413428154-NO.npz
aslcitizen,WHAT,P50,6121961685498369-WHAT 1,69,26,0.377,2.3,0.0,-0.28,LOW_HAND_RATE,train__WHAT__P50__6121961685498369-WHAT 1.npz
aslcitizen,WHY,P12,6220173213417262-WHY,53,20,0.377,1.73,0.0,0.04,LOW_HAND_RATE,val__WHY__P12__6220173213417262-WHY.npz
aslcitizen,NAME,P49,7157719195212653-NAME,37,14,0.378,2.47,0.25,-0.83,LOW_HAND_RATE,test__NAME__P49__7157719195212653-NAME.npz
aslcitizen,NAME,P6,5806721734598892-NAME,45,17,0.378,1.5,0.0,-0.91,LOW_HAND_RATE,test__NAME__P6__5806721734598892-NAME.npz
aslcitizen,HELP,P16,6967335705063062-HELP,90,34,0.378,3.0,0.0,1.95,LOW_HAND_RATE,train__HELP__P16__6967335705063062-HELP.npz
wlasl,NAME,WLASL_56,37580_7,74,28,0.378,2.47,0.0,0.63,LOW_HAND_RATE,train__NAME__WLASL_56__wlasl_37580_7.npz
aslcitizen,PAIN,P27,8956081644552207-PAIN,45,17,0.378,1.5,0.0,-0.21,LOW_HAND_RATE,train__PAIN__P27__8956081644552207-PAIN.npz
wlasl,PAIN,WLASL_0,40802_2,98,37,0.378,3.92,0.0,0.51,LOW_HAND_RATE,train__PAIN__WLASL_0__wlasl_40802_2.npz
aslcitizen,BYE,P21,8779944008396092-BYE,45,17,0.378,1.5,0.0,0.39,LOW_HAND_RATE,val__BYE__P21__8779944008396092-BYE.npz
aslcitizen,PLEASE,P39,6330094542104612-PLEASE,127,48,0.378,4.24,0.0,-0.55,LOW_HAND_RATE,val__PLEASE__P39__6330094542104612-PLEASE.npz
aslcitizen,INTERPRETER,P17,6751844870306702-INTERPRETER,103,39,0.379,3.43,0.0,0.87,LOW_HAND_RATE,test__INTERPRETER__P17__6751844870306702-INTERPRETER.npz
aslcitizen,HELP,P29,3557945550706938-HELP,66,25,0.379,2.2,0.0,-1.61,LOW_HAND_RATE,train__HELP__P29__3557945550706938-HELP.npz
aslcitizen,UNDERSTAND,P37,2999107393441156-UNDERSTAND,58,22,0.379,1.93,0.0,-1.07,LOW_HAND_RATE,train__UNDERSTAND__P37__2999107393441156-UNDERSTAND.npz
aslcitizen,DEAF,P22,4589398793876327-DEAF,50,19,0.38,1.67,0.0,-0.48,LOW_HAND_RATE,test__DEAF__P22__4589398793876327-DEAF.npz
aslcitizen,HOW,P51,2815065509240542-HOW 2,79,30,0.38,2.63,0.0,-0.22,LOW_HAND_RATE,train__HOW__P51__2815065509240542-HOW 2.npz
aslcitizen,MORE,P31,7213248453404937-MORE,100,38,0.38,3.33,0.0,0.18,LOW_HAND_RATE,train__MORE__P31__7213248453404937-MORE.npz
aslcitizen,EAT,P26,8779902440064791-EAT,71,27,0.38,2.37,0.0,-0.24,LOW_HAND_RATE,val__EAT__P26__8779902440064791-EAT.npz
aslcitizen,WHAT,P47,920513750448132-WHAT 1,105,40,0.381,3.5,0.0,0.33,LOW_HAND_RATE,test__WHAT__P47__920513750448132-WHAT 1.npz
aslcitizen,HURT,P11,39916997099175644-HURT,42,16,0.381,1.4,0.0,0.4,LOW_HAND_RATE,train__HURT__P11__39916997099175644-HURT.npz
aslcitizen,NAME,P7,20739960328931106-NAME,63,24,0.381,2.07,0.0,-0.99,LOW_HAND_RATE,train__NAME__P7__20739960328931106-NAME.npz
aslcitizen,PLEASE,P33,44272136216354463-PLEASE,155,59,0.381,5.17,0.0,-1.18,LOW_HAND_RATE,train__PLEASE__P33__44272136216354463-PLEASE.npz
aslcitizen,WHY,P30,17485211510665932-WHY,84,32,0.381,2.81,0.059,-0.76,LOW_HAND_RATE,train__WHY__P30__17485211510665932-WHY.npz
aslcitizen,BYE,P18,31198466578073125-BYE,55,21,0.382,2.2,0.0,-0.72,LOW_HAND_RATE,test__BYE__P18__31198466578073125-BYE.npz
aslcitizen,UNDERSTAND,P15,9663239092789866-UNDERSTAND,76,29,0.382,2.53,0.0,-1.05,LOW_HAND_RATE,test__UNDERSTAND__P15__9663239092789866-UNDERSTAND.npz
aslcitizen,HURT,P50,5570536346951789-HURT,68,26,0.382,2.27,0.0,-0.12,LOW_HAND_RATE,train__HURT__P50__5570536346951789-HURT.npz
aslcitizen,WHY,P16,7317136659517625-WHY,55,21,0.382,1.83,0.0,0.16,LOW_HAND_RATE,train__WHY__P16__7317136659517625-WHY.npz
aslcitizen,UNDERSTAND,P12,9717361996927067-UNDERSTAND,68,26,0.382,2.27,0.0,0.34,LOW_HAND_RATE,val__UNDERSTAND__P12__9717361996927067-UNDERSTAND.npz
aslcitizen,BATHROOM,P47,930783877982531-BATHROOM,73,28,0.384,3.1,0.0,-0.3,LOW_HAND_RATE,test__BATHROOM__P47__930783877982531-BATHROOM.npz
aslcitizen,PLEASE,P9,583219774394824-PLEASE,125,48,0.384,4.17,0.0,0.39,LOW_HAND_RATE,test__PLEASE__P9__583219774394824-PLEASE.npz
aslcitizen,THANKYOU,P27,6528064521146906-THANK YOU,73,28,0.384,2.43,0.0,-0.65,LOW_HAND_RATE,train__THANKYOU__P27__6528064521146906-THANK YOU.npz
aslcitizen,DEAF,P22,34347944802774855-DEAF 2,39,15,0.385,1.3,0.0,-0.85,LOW_HAND_RATE,test__DEAF__P22__34347944802774855-DEAF 2.npz
aslcitizen,MORE,P15,23625275644196408-MORE,96,37,0.385,3.2,0.0,-0.48,LOW_HAND_RATE,test__MORE__P15__23625275644196408-MORE.npz
aslcitizen,PLEASE,P47,6936039479099299-PLEASE,91,35,0.385,3.68,0.0,-1.3,LOW_HAND_RATE,test__PLEASE__P47__6936039479099299-PLEASE.npz
wlasl,DRINK,WLASL_2,17709_27,104,40,0.385,4.16,0.0,-0.21,LOW_HAND_RATE,train__DRINK__WLASL_2__wlasl_17709_27.npz
aslcitizen,WAIT,P14,7743737332850424-WAIT,52,20,0.385,1.69,0.0,-0.49,LOW_HAND_RATE,train__WAIT__P14__7743737332850424-WAIT.npz
wlasl,WATER,WLASL_36,62501_15,65,25,0.385,2.17,0.0,2.04,LOW_HAND_RATE,train__WATER__WLASL_36__wlasl_62501_15.npz
aslcitizen,NAME,P21,6442814975743945-NAME,52,20,0.385,1.7,0.0,0.85,LOW_HAND_RATE,val__NAME__P21__6442814975743945-NAME.npz
aslcitizen,HELLO,P9,5018242902938022-HELLO,83,32,0.386,2.77,0.0,-0.77,LOW_HAND_RATE,test__HELLO__P9__5018242902938022-HELLO.npz
aslcitizen,HUNGRY,P48,6826458140252678-HUNGRY,70,27,0.386,2.33,0.0,-0.88,LOW_HAND_RATE,test__HUNGRY__P48__6826458140252678-HUNGRY.npz
aslcitizen,WAIT,P15,431834858238225-WAIT,70,27,0.386,2.33,0.0,-0.58,LOW_HAND_RATE,test__WAIT__P15__431834858238225-WAIT.npz
aslcitizen,WHERE,P9,12174913678763644-WHERE,88,34,0.386,2.93,0.0,1.96,LOW_HAND_RATE,test__WHERE__P9__12174913678763644-WHERE.npz
aslcitizen,WHO,P9,6339230507709075-WHO,88,34,0.386,2.93,0.0,-0.57,LOW_HAND_RATE,test__WHO__P9__6339230507709075-WHO.npz
aslcitizen,SICK,P50,2393498289810021-SICK,70,27,0.386,2.33,0.0,-0.46,LOW_HAND_RATE,train__SICK__P50__2393498289810021-SICK.npz
aslcitizen,SORRY,P29,1636390875008531-SORRY,44,17,0.386,1.47,0.0,-0.9,LOW_HAND_RATE,train__SORRY__P29__1636390875008531-SORRY.npz
aslcitizen,WAIT,P37,0863524332460317-WAIT,57,22,0.386,1.9,0.0,-0.52,LOW_HAND_RATE,train__WAIT__P37__0863524332460317-WAIT.npz
aslcitizen,NAME,P12,5439490417710435-NAME,57,22,0.386,1.9,0.0,-0.3,LOW_HAND_RATE,val__NAME__P12__5439490417710435-NAME.npz
aslcitizen,BYE,P48,6825474983576931-BYE,62,24,0.387,2.07,0.0,-0.51,LOW_HAND_RATE,test__BYE__P48__6825474983576931-BYE.npz
aslcitizen,WHO,P6,6257839200605431-WHO,31,12,0.387,1.24,0.0,0.61,LOW_HAND_RATE,test__WHO__P6__6257839200605431-WHO.npz
aslcitizen,YES,P35,029563612799205163-YES,75,29,0.387,2.46,0.0,-0.22,LOW_HAND_RATE,test__YES__P35__029563612799205163-YES.npz
aslcitizen,EAT,P5,744008724339543-EAT,75,29,0.387,2.5,0.0,0.12,LOW_HAND_RATE,val__EAT__P5__744008724339543-EAT.npz
aslcitizen,HUNGRY,P26,8727936955185542-HUNGRY,75,29,0.387,2.5,0.0,0.14,LOW_HAND_RATE,val__HUNGRY__P26__8727936955185542-HUNGRY.npz
aslcitizen,DRINK,P48,30737382105404953-DRINK 2,80,31,0.388,2.67,0.0,-0.56,LOW_HAND_RATE,test__DRINK__P48__30737382105404953-DRINK 2.npz
aslcitizen,WHO,P7,044977332478077336-WHO,80,31,0.388,2.64,0.0,-0.87,LOW_HAND_RATE,train__WHO__P7__044977332478077336-WHO.npz
aslcitizen,WHAT,P21,11792300756428031-WHAT 1,67,26,0.388,2.23,0.0,0.12,LOW_HAND_RATE,val__WHAT__P21__11792300756428031-WHAT 1.npz
aslcitizen,WHERE,P21,34697989347891944-WHERE,49,19,0.388,1.63,0.0,0.89,LOW_HAND_RATE,val__WHERE__P21__34697989347891944-WHERE.npz
aslcitizen,UNDERSTAND,P6,6191415507296982-UNDERSTAND,36,14,0.389,1.2,0.0,0.34,LOW_HAND_RATE,test__UNDERSTAND__P6__6191415507296982-UNDERSTAND.npz
aslcitizen,WAIT,P15,8607947465067156-WAIT,162,63,0.389,5.4,0.0,2.99,LOW_HAND_RATE,test__WAIT__P15__8607947465067156-WAIT.npz
aslcitizen,INTERPRETER,P33,6791230255732652-INTERPRETER,144,56,0.389,4.8,0.0,-0.46,LOW_HAND_RATE,train__INTERPRETER__P33__6791230255732652-INTERPRETER.npz
aslcitizen,INTERPRETER,P34,7296170224092156-INTERPRETER,90,35,0.389,2.96,0.0,-0.23,LOW_HAND_RATE,train__INTERPRETER__P34__7296170224092156-INTERPRETER.npz
aslcitizen,WHAT,P37,2833503746558905-WHAT 2,54,21,0.389,1.8,0.0,-0.23,LOW_HAND_RATE,train__WHAT__P37__2833503746558905-WHAT 2.npz
aslcitizen,DEAF,P17,16303248408815674-DEAF 2,77,30,0.39,2.52,0.0,1.71,LOW_HAND_RATE,test__DEAF__P17__16303248408815674-DEAF 2.npz
aslcitizen,HELP,P48,7353034835882497-HELP,82,32,0.39,2.73,0.0,0.32,LOW_HAND_RATE,test__HELP__P48__7353034835882497-HELP.npz
aslcitizen,SICK,P47,15552261128903067-SICK,77,30,0.39,2.84,0.0,-0.24,LOW_HAND_RATE,test__SICK__P47__15552261128903067-SICK.npz
aslcitizen,SORRY,P18,14951164356135682-SORRY,41,16,0.39,2.7,0.0,-0.92,LOW_HAND_RATE,test__SORRY__P18__14951164356135682-SORRY.npz
aslcitizen,WHAT,P35,45183491658287966-WHAT 1,59,23,0.39,1.97,0.0,-0.31,LOW_HAND_RATE,test__WHAT__P35__45183491658287966-WHAT 1.npz
aslcitizen,WHO,P15,1830009936727366-WHO,77,30,0.39,2.57,0.0,-0.55,LOW_HAND_RATE,test__WHO__P15__1830009936727366-WHO.npz
aslcitizen,EAT,P37,4589443576656864-EAT,41,16,0.39,1.37,0.0,-0.85,LOW_HAND_RATE,train__EAT__P37__4589443576656864-EAT.npz
aslcitizen,WHAT,P23,531692335723785-WHAT 2,82,32,0.39,2.74,0.0,-0.34,LOW_HAND_RATE,train__WHAT__P23__531692335723785-WHAT 2.npz
aslcitizen,WHAT,P39,873539016146136-WHAT 2,118,46,0.39,3.93,0.0,0.29,LOW_HAND_RATE,val__WHAT__P39__873539016146136-WHAT 2.npz
aslcitizen,EAT,P9,9520172548388828-EAT 2,92,36,0.391,3.03,0.0,1.4,LOW_HAND_RATE,test__EAT__P9__9520172548388828-EAT 2.npz
aslcitizen,BYE,P29,4327026387490418-BYE,110,43,0.391,3.67,0.0,0.2,LOW_HAND_RATE,train__BYE__P29__4327026387490418-BYE.npz
aslcitizen,SORRY,P39,6387762756061144-SORRY,133,52,0.391,4.43,0.0,-0.44,LOW_HAND_RATE,val__SORRY__P39__6387762756061144-SORRY.npz
aslcitizen,EAT,P37,3878260902223658-EAT,51,20,0.392,1.7,0.0,-1.02,LOW_HAND_RATE,train__EAT__P37__3878260902223658-EAT.npz
aslcitizen,HELP,P20,07603691172028904-HELP,79,31,0.392,2.63,0.0,-0.5,LOW_HAND_RATE,train__HELP__P20__07603691172028904-HELP.npz
aslcitizen,THANKYOU,P37,15769775934939156-THANK YOU,51,20,0.392,1.7,0.0,-0.92,LOW_HAND_RATE,train__THANKYOU__P37__15769775934939156-THANK YOU.npz
aslcitizen,WHERE,P31,9317687529080529-WHERE,74,29,0.392,2.47,0.0,-0.47,LOW_HAND_RATE,train__WHERE__P31__9317687529080529-WHERE.npz
aslcitizen,WHAT,P26,05608472883163529-WHAT 1,79,31,0.392,2.61,0.188,-0.13,LOW_HAND_RATE,val__WHAT__P26__05608472883163529-WHAT 1.npz
aslcitizen,STOP,P40,16617331553945736-STOP,84,33,0.393,2.8,0.0,-0.36,LOW_HAND_RATE,train__STOP__P40__16617331553945736-STOP.npz
aslcitizen,WATER,P33,19062537109661482-WATER,168,66,0.393,5.6,0.0,0.29,LOW_HAND_RATE,train__WATER__P33__19062537109661482-WATER.npz
aslcitizen,EAT,P9,008533489727754251-EAT,99,39,0.394,3.3,0.0,0.69,LOW_HAND_RATE,test__EAT__P9__008533489727754251-EAT.npz
aslcitizen,HOW,P48,8032623168123776-HOW,71,28,0.394,2.37,0.0,0.76,LOW_HAND_RATE,test__HOW__P48__8032623168123776-HOW.npz
aslcitizen,PAIN,P47,02676525194121826-PAIN,99,39,0.394,3.3,0.0,2.81,LOW_HAND_RATE,test__PAIN__P47__02676525194121826-PAIN.npz
aslcitizen,BYE,P31,516342335411355-BYE,66,26,0.394,2.21,0.0,-0.88,LOW_HAND_RATE,train__BYE__P31__516342335411355-BYE.npz
aslcitizen,SICK,P27,5994541369927644-SICK,43,17,0.395,1.43,0.0,-0.28,LOW_HAND_RATE,train__SICK__P27__5994541369927644-SICK.npz
aslcitizen,WHERE,P27,8969965061622676-WHERE,43,17,0.395,1.43,0.0,-1.09,LOW_HAND_RATE,train__WHERE__P27__8969965061622676-WHERE.npz
aslcitizen,HOW,P37,22306165813631562-HOW,48,19,0.396,1.6,0.0,0.12,LOW_HAND_RATE,train__HOW__P37__22306165813631562-HOW.npz
aslcitizen,WHAT,P52,43147199471175535-seedWHAT 2,101,40,0.396,3.31,0.0,-0.28,LOW_HAND_RATE,train__WHAT__P52__43147199471175535-seedWHAT 2.npz
aslcitizen,BATHROOM,P30,06597464427845212-BATHROOM,78,31,0.397,2.61,0.0,-0.64,LOW_HAND_RATE,train__BATHROOM__P30__06597464427845212-BATHROOM.npz
aslcitizen,WHERE,P50,17354191997018575-WHERE,68,27,0.397,2.27,0.0,0.64,LOW_HAND_RATE,train__WHERE__P50__17354191997018575-WHERE.npz
aslcitizen,YES,P34,16728596536749274-YES,73,29,0.397,2.44,0.0,-0.34,LOW_HAND_RATE,train__YES__P34__16728596536749274-YES.npz
aslcitizen,DEAF,P26,5601659028098682-DEAF,63,25,0.397,2.07,0.0,-0.49,LOW_HAND_RATE,val__DEAF__P26__5601659028098682-DEAF.npz
aslcitizen,YES,P52,6358167662084229-seedYES,88,35,0.398,2.87,0.0,-0.29,LOW_HAND_RATE,train__YES__P52__6358167662084229-seedYES.npz
aslcitizen,HURT,P17,45526766274740016-HURT,75,30,0.4,2.76,0.0,0.73,LOW_HAND_RATE,test__HURT__P17__45526766274740016-HURT.npz
aslcitizen,PLEASE,P18,11854818371036102-PLEASE,65,26,0.4,2.6,0.0,-0.4,LOW_HAND_RATE,test__PLEASE__P18__11854818371036102-PLEASE.npz
aslcitizen,SICK,P35,13944307146406487-SICK,55,22,0.4,1.84,0.0,-0.23,LOW_HAND_RATE,test__SICK__P35__13944307146406487-SICK.npz
aslcitizen,THANKYOU,P15,936211950052861-THANK YOU,70,28,0.4,2.33,0.0,-1.25,LOW_HAND_RATE,test__THANKYOU__P15__936211950052861-THANK YOU.npz
aslcitizen,WHY,P47,9178007741963472-WHY,75,30,0.4,2.91,0.0,0.11,LOW_HAND_RATE,test__WHY__P47__9178007741963472-WHY.npz
aslcitizen,WHY,P48,6217493782065597-WHY,65,26,0.4,2.17,0.0,0.68,LOW_HAND_RATE,test__WHY__P48__6217493782065597-WHY.npz
aslcitizen,DEAF,P14,07807851209534378-DEAF,80,32,0.4,2.67,0.0,0.02,LOW_HAND_RATE,train__DEAF__P14__07807851209534378-DEAF.npz
aslcitizen,NAME,P36,07550237967516482-NAME,60,24,0.4,1.97,0.0,-0.23,LOW_HAND_RATE,train__NAME__P36__07550237967516482-NAME.npz
aslcitizen,NO,P23,5309657970849855-NO,95,38,0.4,3.17,0.0,1.26,LOW_HAND_RATE,train__NO__P23__5309657970849855-NO.npz
aslcitizen,PAIN,P30,9407855177746578-PAIN,80,32,0.4,2.63,0.0,-0.59,LOW_HAND_RATE,train__PAIN__P30__9407855177746578-PAIN.npz
aslcitizen,STOP,P11,12188061798454708-STOP,40,16,0.4,1.33,0.0,-0.7,LOW_HAND_RATE,train__STOP__P11__12188061798454708-STOP.npz
aslcitizen,WAIT,P31,6530795087181671-WAIT,80,32,0.4,2.67,0.0,-0.49,LOW_HAND_RATE,train__WAIT__P31__6530795087181671-WAIT.npz
wlasl,WHERE,WLASL_36,63082_11,65,26,0.4,2.17,0.0,1.94,LOW_HAND_RATE,train__WHERE__WLASL_36__wlasl_63082_11.npz
aslcitizen,WHY,P33,28913897920899023-WHY,125,50,0.4,4.18,0.08,0.63,LOW_HAND_RATE,train__WHY__P33__28913897920899023-WHY.npz
aslcitizen,BATHROOM,P9,3888732480052579-BATHROOM,87,35,0.402,2.91,0.0,-0.53,LOW_HAND_RATE,test__BATHROOM__P9__3888732480052579-BATHROOM.npz
aslcitizen,MORE,P47,010465663034460171-MORE,82,33,0.402,2.74,0.0,-0.63,LOW_HAND_RATE,test__MORE__P47__010465663034460171-MORE.npz
aslcitizen,MORE,P9,8473421461490096-MORE,82,33,0.402,2.74,0.0,0.27,LOW_HAND_RATE,test__MORE__P9__8473421461490096-MORE.npz
aslcitizen,SICK,P9,7932494857931853-SICK,112,45,0.402,3.73,0.0,0.53,LOW_HAND_RATE,test__SICK__P9__7932494857931853-SICK.npz
aslcitizen,THANKYOU,P47,08583141071601874-THANK YOU,87,35,0.402,3.48,0.0,-1.11,LOW_HAND_RATE,test__THANKYOU__P47__08583141071601874-THANK YOU.npz
aslcitizen,YES,P15,9605571410103191-YES,179,72,0.402,5.97,0.0,0.41,LOW_HAND_RATE,test__YES__P15__9605571410103191-YES.npz
aslcitizen,PLEASE,P51,6400788027798874-PLEASE,82,33,0.402,2.73,0.0,-0.2,LOW_HAND_RATE,train__PLEASE__P51__6400788027798874-PLEASE.npz
aslcitizen,WAIT,P17,384440946378765-WAIT,62,25,0.403,2.14,0.0,-0.5,LOW_HAND_RATE,test__WAIT__P17__384440946378765-WAIT.npz
aslcitizen,WATER,P9,5521352697044284-WATER,119,48,0.403,3.97,0.0,-0.32,LOW_HAND_RATE,test__WATER__P9__5521352697044284-WATER.npz
aslcitizen,HUNGRY,P51,3622473804574782-HUNGRY,77,31,0.403,2.57,0.0,-0.47,LOW_HAND_RATE,train__HUNGRY__P51__3622473804574782-HUNGRY.npz
aslcitizen,NAME,P30,8850902951414901-NAME,72,29,0.403,2.37,0.0,-0.21,LOW_HAND_RATE,train__NAME__P30__8850902951414901-NAME.npz
aslcitizen,WHERE,P51,09379414966671162-WHERE,77,31,0.403,2.57,0.0,0.19,LOW_HAND_RATE,train__WHERE__P51__09379414966671162-WHERE.npz
wlasl,INTERPRETER,WLASL_35,30257_3,99,40,0.404,3.3,0.0,1.17,LOW_HAND_RATE,train__INTERPRETER__WLASL_35__wlasl_30257_3.npz
aslcitizen,WHY,P37,8351529407222296-WHY,57,23,0.404,1.91,0.0,-0.49,LOW_HAND_RATE,train__WHY__P37__8351529407222296-WHY.npz
aslcitizen,DRINK,P12,7071450710791192-DRINK,47,19,0.404,1.57,0.0,0.19,LOW_HAND_RATE,val__DRINK__P12__7071450710791192-DRINK.npz
aslcitizen,BYE,P6,38351738059429663-BYE,37,15,0.405,1.24,0.0,-0.01,LOW_HAND_RATE,test__BYE__P6__38351738059429663-BYE.npz
aslcitizen,HOW,P29,4657020083869885-HOW,42,17,0.405,1.4,0.0,0.31,LOW_HAND_RATE,train__HOW__P29__4657020083869885-HOW.npz
aslcitizen,WAIT,P40,6807479789190645-WAIT,84,34,0.405,2.8,0.0,1.51,LOW_HAND_RATE,train__WAIT__P40__6807479789190645-WAIT.npz
aslcitizen,HOW,P22,1674169211464116-HOW 2,32,13,0.406,1.07,0.0,-0.17,LOW_HAND_RATE,test__HOW__P22__1674169211464116-HOW 2.npz
aslcitizen,WAIT,P9,6462406278843633-WAIT,101,41,0.406,3.37,0.0,-0.51,LOW_HAND_RATE,test__WAIT__P9__6462406278843633-WAIT.npz
aslcitizen,HOW,P42,5658430416463056-HOW 2,54,22,0.407,1.77,0.0,-0.44,LOW_HAND_RATE,test__HOW__P42__5658430416463056-HOW 2.npz
aslcitizen,DRINK,P37,8114625026876388-DRINK,54,22,0.407,1.8,0.0,-0.76,LOW_HAND_RATE,train__DRINK__P37__8114625026876388-DRINK.npz
aslcitizen,HOW,P14,4605549971284748-HOW 2,54,22,0.407,1.76,0.0,0.02,LOW_HAND_RATE,train__HOW__P14__4605549971284748-HOW 2.npz
aslcitizen,HOW,P29,21283972047425892-HOW,54,22,0.407,1.8,0.0,1.15,LOW_HAND_RATE,train__HOW__P29__21283972047425892-HOW.npz
aslcitizen,HURT,P37,9086920406108443-HURT,54,22,0.407,1.8,0.0,-0.33,LOW_HAND_RATE,train__HURT__P37__9086920406108443-HURT.npz
aslcitizen,WHAT,P48,805120769524823-WHAT 1,71,29,0.408,2.37,0.0,-0.35,LOW_HAND_RATE,test__WHAT__P48__805120769524823-WHAT 1.npz
aslcitizen,BATHROOM,P50,9550424988054464-BATHROOM,71,29,0.408,2.37,0.0,0.0,LOW_HAND_RATE,train__BATHROOM__P50__9550424988054464-BATHROOM.npz
aslcitizen,BYE,P11,6785992819227267-BYE,49,20,0.408,1.64,0.0,-0.57,LOW_HAND_RATE,train__BYE__P11__6785992819227267-BYE.npz
aslcitizen,DEAF,P30,068296817498531-DEAF,49,20,0.408,1.64,0.0,0.09,LOW_HAND_RATE,train__DEAF__P30__068296817498531-DEAF.npz
wlasl,EAT,WLASL_21,18325_20,71,29,0.408,2.37,0.067,0.12,LOW_HAND_RATE,train__EAT__WLASL_21__wlasl_18325_20.npz
aslcitizen,HUNGRY,P30,08855148657093093-HUNGRY,76,31,0.408,2.53,0.0,-0.42,LOW_HAND_RATE,train__HUNGRY__P30__08855148657093093-HUNGRY.npz
aslcitizen,DEAF,P42,1384893971212695-DEAF,44,18,0.409,1.47,0.0,-0.92,LOW_HAND_RATE,test__DEAF__P42__1384893971212695-DEAF.npz
aslcitizen,HURT,P22,3640743046469448-HURT,44,18,0.409,1.47,0.0,-0.58,LOW_HAND_RATE,test__HURT__P22__3640743046469448-HURT.npz
aslcitizen,THANKYOU,P9,6788237257016723-THANK YOU,88,36,0.409,2.9,0.0,2.26,LOW_HAND_RATE,test__THANKYOU__P9__6788237257016723-THANK YOU.npz
wlasl,WHO,WLASL_36,63226_8,66,27,0.409,2.2,0.0,-0.76,LOW_HAND_RATE,train__WHO__WLASL_36__wlasl_63226_8.npz
aslcitizen,HELLO,P22,5911924789322505-HELLO,39,16,0.41,1.3,0.0,-0.36,LOW_HAND_RATE,test__HELLO__P22__5911924789322505-HELLO.npz
aslcitizen,HELP,P42,7816987530892228-HELP,39,16,0.41,1.26,0.0,-0.0,LOW_HAND_RATE,test__HELP__P42__7816987530892228-HELP.npz
aslcitizen,NAME,P22,6398020473925876-NAME,39,16,0.41,1.3,0.0,-0.45,LOW_HAND_RATE,test__NAME__P22__6398020473925876-NAME.npz
aslcitizen,WAIT,P47,5185122660022305-WAIT,83,34,0.41,2.69,0.0,-0.56,LOW_HAND_RATE,test__WAIT__P47__5185122660022305-WAIT.npz
aslcitizen,SORRY,P11,6284344362350516-SORRY,61,25,0.41,2.04,0.0,-1.15,LOW_HAND_RATE,train__SORRY__P11__6284344362350516-SORRY.npz
aslcitizen,HOW,P15,7461257731188731-HOW 2,151,62,0.411,5.04,0.0,2.19,LOW_HAND_RATE,test__HOW__P15__7461257731188731-HOW 2.npz
aslcitizen,NAME,P47,5230881244500567-NAME,95,39,0.411,3.17,0.0,0.27,LOW_HAND_RATE,test__NAME__P47__5230881244500567-NAME.npz
aslcitizen,INTERPRETER,P39,3329218828052618-INTERPRETER,129,53,0.411,4.3,0.0,-0.59,LOW_HAND_RATE,val__INTERPRETER__P39__3329218828052618-INTERPRETER.npz
aslcitizen,EAT,P6,5672396093022622-EAT,34,14,0.412,1.13,0.0,2.46,LOW_HAND_RATE,test__EAT__P6__5672396093022622-EAT.npz
aslcitizen,HUNGRY,P50,43016432877599997-HUNGRY,68,28,0.412,2.27,0.0,-0.85,LOW_HAND_RATE,train__HUNGRY__P50__43016432877599997-HUNGRY.npz
aslcitizen,NAME,P11,4290157295522645-NAME,51,21,0.412,1.7,0.0,-1.1,LOW_HAND_RATE,train__NAME__P11__4290157295522645-NAME.npz
aslcitizen,SICK,P12,08956501268165051-SICK,51,21,0.412,1.7,0.0,-0.19,LOW_HAND_RATE,val__SICK__P12__08956501268165051-SICK.npz
aslcitizen,MORE,P6,6785155090626982-MORE,46,19,0.413,1.54,0.0,-0.33,LOW_HAND_RATE,test__MORE__P6__6785155090626982-MORE.npz
aslcitizen,EAT,P27,30148795754394175-EAT,46,19,0.413,1.53,0.0,-0.27,LOW_HAND_RATE,train__EAT__P27__30148795754394175-EAT.npz
aslcitizen,HELP,P26,4382571867616978-HELP,63,26,0.413,2.11,0.0,-1.22,LOW_HAND_RATE,val__HELP__P26__4382571867616978-HELP.npz
aslcitizen,HUNGRY,P21,306250682526525-HUNGRY,75,31,0.413,2.5,0.0,0.14,LOW_HAND_RATE,val__HUNGRY__P21__306250682526525-HUNGRY.npz
aslcitizen,DEAF,P27,16912580920764397-DEAF 2,58,24,0.414,1.93,0.0,-0.08,LOW_HAND_RATE,train__DEAF__P27__16912580920764397-DEAF 2.npz
aslcitizen,DEAF,P52,4994362968658792-seedDEAF,99,41,0.414,3.18,0.0,-0.52,LOW_HAND_RATE,train__DEAF__P52__4994362968658792-seedDEAF.npz
aslcitizen,HOW,P16,174515932829846-HOW 2,58,24,0.414,1.93,0.0,-0.24,LOW_HAND_RATE,train__HOW__P16__174515932829846-HOW 2.npz
aslcitizen,INTERPRETER,P52,39859507411761474-seedINTERPRETER,128,53,0.414,4.2,0.0,-0.4,LOW_HAND_RATE,train__INTERPRETER__P52__39859507411761474-seedINTERPRETER.npz
aslcitizen,NAME,P50,44454593042241-NAME,58,24,0.414,1.93,0.0,-0.07,LOW_HAND_RATE,train__NAME__P50__44454593042241-NAME.npz
aslcitizen,SICK,P16,5954902678633454-SICK,58,24,0.414,1.93,0.0,-0.3,LOW_HAND_RATE,train__SICK__P16__5954902678633454-SICK.npz
aslcitizen,HELP,P21,6037747479203328-HELP,58,24,0.414,1.89,0.0,-0.8,LOW_HAND_RATE,val__HELP__P21__6037747479203328-HELP.npz
aslcitizen,HELP,P9,5043430847938863-HELP,94,39,0.415,3.13,0.0,2.01,LOW_HAND_RATE,test__HELP__P9__5043430847938863-HELP.npz
aslcitizen,EAT,P30,07556064610191737-EAT 2,53,22,0.415,1.77,0.0,-0.46,LOW_HAND_RATE,train__EAT__P30__07556064610191737-EAT 2.npz
aslcitizen,HELP,P31,1512241224851143-HELP,94,39,0.415,3.13,0.0,0.8,LOW_HAND_RATE,train__HELP__P31__1512241224851143-HELP.npz
wlasl,HUNGRY,WLASL_0,28376_5,94,39,0.415,3.76,0.0,-0.14,LOW_HAND_RATE,train__HUNGRY__WLASL_0__wlasl_28376_5.npz
aslcitizen,EAT,P21,0392835216734122-EAT,53,22,0.415,1.77,0.0,0.01,LOW_HAND_RATE,val__EAT__P21__0392835216734122-EAT.npz
aslcitizen,WAIT,P21,5419469718181713-WAIT,53,22,0.415,1.77,0.0,-0.57,LOW_HAND_RATE,val__WAIT__P21__5419469718181713-WAIT.npz
aslcitizen,HELP,P40,12979829347320937-HELP,89,37,0.416,2.98,0.0,-0.1,LOW_HAND_RATE,train__HELP__P40__12979829347320937-HELP.npz
aslcitizen,HOW,P40,7666802297995068-HOW,77,32,0.416,2.57,0.0,-0.62,LOW_HAND_RATE,train__HOW__P40__7666802297995068-HOW.npz
aslcitizen,PLEASE,P31,9117047483562963-PLEASE,77,32,0.416,2.57,0.0,1.02,LOW_HAND_RATE,train__PLEASE__P31__9117047483562963-PLEASE.npz
aslcitizen,INTERPRETER,P15,29839436575740796-INTERPRETER,84,35,0.417,2.74,0.0,-0.07,LOW_HAND_RATE,test__INTERPRETER__P15__29839436575740796-INTERPRETER.npz
aslcitizen,NAME,P15,3644933452013184-NAME,103,43,0.417,3.44,0.0,-0.01,LOW_HAND_RATE,test__NAME__P15__3644933452013184-NAME.npz
aslcitizen,WHY,P36,5236898172561582-WHY,72,30,0.417,2.4,0.067,0.03,LOW_HAND_RATE,train__WHY__P36__5236898172561582-WHY.npz
aslcitizen,DEAF,P21,43403942633801873-DEAF 2,60,25,0.417,2.0,0.0,-0.34,LOW_HAND_RATE,val__DEAF__P21__43403942633801873-DEAF 2.npz
aslcitizen,PAIN,P18,054502038668710284-PAIN,55,23,0.418,2.2,0.0,2.01,LOW_HAND_RATE,test__PAIN__P18__054502038668710284-PAIN.npz
wlasl,BATHROOM,WLASL_2,05297_15,93,39,0.419,3.72,0.0,0.45,LOW_HAND_RATE,train__BATHROOM__WLASL_2__wlasl_05297_15.npz
aslcitizen,PAIN,P37,42535053648961685-PAIN,62,26,0.419,2.07,0.0,-1.17,LOW_HAND_RATE,train__PAIN__P37__42535053648961685-PAIN.npz
aslcitizen,HUNGRY,P12,8724961433813252-HUNGRY,62,26,0.419,2.07,0.0,0.27,LOW_HAND_RATE,val__HUNGRY__P12__8724961433813252-HUNGRY.npz
aslcitizen,SICK,P42,23601871909315686-SICK,50,21,0.42,1.62,0.0,-0.44,LOW_HAND_RATE,test__SICK__P42__23601871909315686-SICK.npz
aslcitizen,DEAF,P27,33243997680017356-DEAF,50,21,0.42,1.67,0.0,-0.02,LOW_HAND_RATE,train__DEAF__P27__33243997680017356-DEAF.npz
aslcitizen,HOW,P51,1334132333742275-HOW,76,32,0.421,2.53,0.0,0.08,LOW_HAND_RATE,train__HOW__P51__1334132333742275-HOW.npz
aslcitizen,PAIN,P16,23654051116994124-PAIN,57,24,0.421,1.9,0.0,-0.96,LOW_HAND_RATE,train__PAIN__P16__23654051116994124-PAIN.npz
aslcitizen,WHO,P16,9816718901577759-WHO,57,24,0.421,1.9,0.0,-0.06,LOW_HAND_RATE,train__WHO__P16__9816718901577759-WHO.npz
aslcitizen,YES,P37,8699610978899361-YES,57,24,0.421,1.86,0.0,-0.31,LOW_HAND_RATE,train__YES__P37__8699610978899361-YES.npz
aslcitizen,WHAT,P15,15957405560017013-WHAT 1,135,57,0.422,4.5,0.0,0.87,LOW_HAND_RATE,test__WHAT__P15__15957405560017013-WHAT 1.npz
aslcitizen,EAT,P27,7562678306866626-EAT 2,45,19,0.422,1.5,0.0,-0.07,LOW_HAND_RATE,train__EAT__P27__7562678306866626-EAT 2.npz
aslcitizen,BYE,P14,7072634397394595-BYE,52,22,0.423,1.74,0.0,-0.82,LOW_HAND_RATE,train__BYE__P14__7072634397394595-BYE.npz
aslcitizen,DEAF,P50,4378089019640199-DEAF 2,71,30,0.423,2.37,0.0,-0.51,LOW_HAND_RATE,train__DEAF__P50__4378089019640199-DEAF 2.npz
aslcitizen,WHAT,P52,31977909341879607-seedWHAT 1,104,44,0.423,3.34,0.0,-0.41,LOW_HAND_RATE,train__WHAT__P52__31977909341879607-seedWHAT 1.npz
aslcitizen,HOW,P26,971003020665846-HOW,71,30,0.423,2.33,0.0,0.27,LOW_HAND_RATE,val__HOW__P26__971003020665846-HOW.npz
aslcitizen,HOW,P22,6748698769153474-HOW 2,33,14,0.424,1.11,0.0,-0.41,LOW_HAND_RATE,test__HOW__P22__6748698769153474-HOW 2.npz
aslcitizen,PLEASE,P42,9697873113607589-PLEASE,85,36,0.424,2.83,0.0,-0.23,LOW_HAND_RATE,test__PLEASE__P42__9697873113607589-PLEASE.npz
aslcitizen,BATHROOM,P27,33742973281851274-BATHROOM,59,25,0.424,1.97,0.0,-0.64,LOW_HAND_RATE,train__BATHROOM__P27__33742973281851274-BATHROOM.npz
aslcitizen,SICK,P40,9005893183984361-SICK,92,39,0.424,3.03,0.0,0.23,LOW_HAND_RATE,train__SICK__P40__9005893183984361-SICK.npz
aslcitizen,EAT,P26,5938554372186748-EAT 2,59,25,0.424,1.93,0.0,-0.84,LOW_HAND_RATE,val__EAT__P26__5938554372186748-EAT 2.npz
aslcitizen,INTERPRETER,P26,7449413893913774-INTERPRETER,85,36,0.424,2.8,0.0,-0.67,LOW_HAND_RATE,val__INTERPRETER__P26__7449413893913774-INTERPRETER.npz
wlasl,WHAT,WLASL_36,62965_27,73,31,0.425,2.44,0.0,0.49,LOW_HAND_RATE,train__WHAT__WLASL_36__wlasl_62965_27.npz
aslcitizen,HELLO,P35,9203138462369036-HELLO,68,29,0.426,2.27,0.0,-0.88,LOW_HAND_RATE,test__HELLO__P35__9203138462369036-HELLO.npz
aslcitizen,HELP,P22,3982436455452034-HELP,47,20,0.426,1.57,0.0,-0.4,LOW_HAND_RATE,test__HELP__P22__3982436455452034-HELP.npz
aslcitizen,WATER,P6,41194332281860335-WATER,47,20,0.426,1.57,0.0,0.01,LOW_HAND_RATE,test__WATER__P6__41194332281860335-WATER.npz
aslcitizen,DRINK,P29,6370983911545496-DRINK 2,61,26,0.426,2.03,0.0,-0.22,LOW_HAND_RATE,train__DRINK__P29__6370983911545496-DRINK 2.npz
aslcitizen,DRINK,P43,42284981094391094-DRINK 2,47,20,0.426,1.57,0.0,0.48,LOW_HAND_RATE,train__DRINK__P43__42284981094391094-DRINK 2.npz
aslcitizen,UNDERSTAND,P16,6810397598953175-UNDERSTAND,54,23,0.426,1.8,0.0,0.34,LOW_HAND_RATE,train__UNDERSTAND__P16__6810397598953175-UNDERSTAND.npz
aslcitizen,NO,P26,8079226457278508-NO,68,29,0.426,2.23,0.0,-1.01,LOW_HAND_RATE,val__NO__P26__8079226457278508-NO.npz
aslcitizen,SICK,P26,3176950945974586-SICK,54,23,0.426,1.77,0.0,-0.26,LOW_HAND_RATE,val__SICK__P26__3176950945974586-SICK.npz
aslcitizen,STOP,P47,692674622436245-STOP,89,38,0.427,3.17,0.0,0.75,LOW_HAND_RATE,test__STOP__P47__692674622436245-STOP.npz
aslcitizen,SORRY,P7,62778761952392-SORRY,75,32,0.427,2.5,0.0,1.95,LOW_HAND_RATE,train__SORRY__P7__62778761952392-SORRY.npz
aslcitizen,HOW,P49,8037153286426952-HOW 2,35,15,0.429,2.33,0.0,0.23,LOW_HAND_RATE,test__HOW__P49__8037153286426952-HOW 2.npz
aslcitizen,BYE,P36,048776623388550044-BYE,49,21,0.429,1.63,0.0,0.09,LOW_HAND_RATE,train__BYE__P36__048776623388550044-BYE.npz
aslcitizen,DEAF,P51,05057852158030385-DEAF 2,70,30,0.429,2.33,0.0,1.16,LOW_HAND_RATE,train__DEAF__P51__05057852158030385-DEAF 2.npz
aslcitizen,HOW,P50,639527032932734-HOW 2,56,24,0.429,1.87,0.0,-0.52,LOW_HAND_RATE,train__HOW__P50__639527032932734-HOW 2.npz
aslcitizen,HUNGRY,P11,30359172301114734-HUNGRY,49,21,0.429,1.63,0.0,-0.84,LOW_HAND_RATE,train__HUNGRY__P11__30359172301114734-HUNGRY.npz
aslcitizen,PLEASE,P29,8801721942460268-PLEASE,203,87,0.429,6.77,0.0,-1.19,LOW_HAND_RATE,train__PLEASE__P29__8801721942460268-PLEASE.npz
aslcitizen,WHO,P27,21560081346679438-WHO,42,18,0.429,1.4,0.0,-1.03,LOW_HAND_RATE,train__WHO__P27__21560081346679438-WHO.npz
aslcitizen,HELLO,P26,020030442376253177-HELLO,49,21,0.429,1.64,0.0,-0.89,LOW_HAND_RATE,val__HELLO__P26__020030442376253177-HELLO.npz
wlasl,DEAF,WLASL_36,14882_6,107,46,0.43,3.57,0.0,-0.04,LOW_HAND_RATE,train__DEAF__WLASL_36__wlasl_14882_6.npz
aslcitizen,UNDERSTAND,P35,9618610602589022-UNDERSTAND,58,25,0.431,1.94,0.0,-0.69,LOW_HAND_RATE,test__UNDERSTAND__P35__9618610602589022-UNDERSTAND.npz
aslcitizen,NO,P50,6137110171725737-NO,72,31,0.431,2.4,0.0,-1.05,LOW_HAND_RATE,train__NO__P50__6137110171725737-NO.npz
aslcitizen,WATER,P50,6842760193004458-WATER,65,28,0.431,2.17,0.0,-0.59,LOW_HAND_RATE,train__WATER__P50__6842760193004458-WATER.npz
aslcitizen,DRINK,P6,9563854183405713-DRINK,37,16,0.432,1.23,0.0,0.17,LOW_HAND_RATE,test__DRINK__P6__9563854183405713-DRINK.npz
aslcitizen,WHERE,P9,5194308575650113-WHERE,88,38,0.432,2.94,0.0,-0.63,LOW_HAND_RATE,test__WHERE__P9__5194308575650113-WHERE.npz
aslcitizen,WHAT,P26,24519151833954478-WHAT 2,88,38,0.432,2.9,0.0,1.39,LOW_HAND_RATE,val__WHAT__P26__24519151833954478-WHAT 2.npz
aslcitizen,HURT,P15,012509443500401618-HURT,90,39,0.433,2.93,0.0,-0.37,LOW_HAND_RATE,test__HURT__P15__012509443500401618-HURT.npz
aslcitizen,NAME,P9,5222576863044399-NAME,90,39,0.433,3.0,0.0,0.93,LOW_HAND_RATE,test__NAME__P9__5222576863044399-NAME.npz
aslcitizen,WHAT,P49,0902884729181257-WHAT 2,30,13,0.433,2.0,0.0,-0.25,LOW_HAND_RATE,test__WHAT__P49__0902884729181257-WHAT 2.npz
wlasl,DRINK,WLASL_21,17713_21,90,39,0.433,3.0,0.0,0.07,LOW_HAND_RATE,train__DRINK__WLASL_21__wlasl_17713_21.npz
aslcitizen,NO,P27,9644130188424822-NO,60,26,0.433,2.0,0.0,-0.85,LOW_HAND_RATE,train__NO__P27__9644130188424822-NO.npz
aslcitizen,SORRY,P37,8989337086309281-SORRY,60,26,0.433,2.0,0.0,-1.05,LOW_HAND_RATE,train__SORRY__P37__8989337086309281-SORRY.npz
aslcitizen,BYE,P27,011053589241707185-BYE,53,23,0.434,1.77,0.0,-0.55,LOW_HAND_RATE,train__BYE__P27__011053589241707185-BYE.npz
aslcitizen,HOW,P40,9811460119529283-HOW,83,36,0.434,2.74,0.0,-0.26,LOW_HAND_RATE,train__HOW__P40__9811460119529283-HOW.npz
aslcitizen,DEAF,P40,14662097708148014-DEAF,92,40,0.435,3.08,0.0,-0.27,LOW_HAND_RATE,train__DEAF__P40__14662097708148014-DEAF.npz
wlasl,DRINK,WLASL_36,17710_11,69,30,0.435,2.3,0.0,0.17,LOW_HAND_RATE,train__DRINK__WLASL_36__wlasl_17710_11.npz
aslcitizen,SORRY,P27,29761682879368934-SORRY,62,27,0.435,2.07,0.0,0.35,LOW_HAND_RATE,train__SORRY__P27__29761682879368934-SORRY.npz
aslcitizen,SORRY,P51,09933901999031058-SORRY,85,37,0.435,2.83,0.0,-1.14,LOW_HAND_RATE,train__SORRY__P51__09933901999031058-SORRY.npz
wlasl,YES,WLASL_28,64280_15,62,27,0.435,2.07,0.0,0.05,LOW_HAND_RATE,train__YES__WLASL_28__wlasl_64280_15.npz
aslcitizen,SICK,P21,47832051707828005-SICK,62,27,0.435,2.07,0.0,-0.5,LOW_HAND_RATE,val__SICK__P21__47832051707828005-SICK.npz
aslcitizen,THANKYOU,P21,0006320057552187119-THANK YOU,46,20,0.435,1.53,0.0,1.19,LOW_HAND_RATE,val__THANKYOU__P21__0006320057552187119-THANK YOU.npz
aslcitizen,DEAF,P6,8849383543656688-DEAF,39,17,0.436,1.3,0.0,-0.35,LOW_HAND_RATE,test__DEAF__P6__8849383543656688-DEAF.npz
aslcitizen,SICK,P17,6885382807632885-SICK,78,34,0.436,2.6,0.0,-0.31,LOW_HAND_RATE,test__SICK__P17__6885382807632885-SICK.npz
aslcitizen,WHAT,P47,48553283978859585-WHAT 2,94,41,0.436,3.03,0.0,-0.43,LOW_HAND_RATE,test__WHAT__P47__48553283978859585-WHAT 2.npz
aslcitizen,BATHROOM,P31,8654983846054765-BATHROOM,78,34,0.436,2.61,0.0,-0.61,LOW_HAND_RATE,train__BATHROOM__P31__8654983846054765-BATHROOM.npz
aslcitizen,HOW,P40,6618742352834965-HOW 2,78,34,0.436,2.61,0.0,-0.83,LOW_HAND_RATE,train__HOW__P40__6618742352834965-HOW 2.npz
aslcitizen,NO,P43,5372668319999747-NO,55,24,0.436,1.83,0.0,0.33,LOW_HAND_RATE,train__NO__P43__5372668319999747-NO.npz
aslcitizen,UNDERSTAND,P36,6745834273988278-UNDERSTAND,55,24,0.436,1.83,0.0,-0.18,LOW_HAND_RATE,train__UNDERSTAND__P36__6745834273988278-UNDERSTAND.npz
aslcitizen,BYE,P15,9133589855079114-BYE,87,38,0.437,2.9,0.0,-0.85,LOW_HAND_RATE,test__BYE__P15__9133589855079114-BYE.npz
aslcitizen,HOW,P6,34193514830123983-HOW 2,48,21,0.438,1.6,0.0,-0.18,LOW_HAND_RATE,test__HOW__P6__34193514830123983-HOW 2.npz
aslcitizen,YES,P26,8977694836593926-YES,64,28,0.438,2.13,0.0,-0.21,LOW_HAND_RATE,val__YES__P26__8977694836593926-YES.npz
aslcitizen,DEAF,P22,917307734866669-DEAF 2,41,18,0.439,1.37,0.0,-0.46,LOW_HAND_RATE,test__DEAF__P22__917307734866669-DEAF 2.npz
aslcitizen,BYE,P27,21550036390436733-BYE,66,29,0.439,2.2,0.0,-0.87,LOW_HAND_RATE,train__BYE__P27__21550036390436733-BYE.npz
aslcitizen,HOW,P22,12045635816655964-HOW,34,15,0.441,1.14,0.0,-0.36,LOW_HAND_RATE,test__HOW__P22__12045635816655964-HOW.npz
wlasl,BATHROOM,WLASL_36,05298_16,93,41,0.441,3.1,0.0,0.34,LOW_HAND_RATE,train__BATHROOM__WLASL_36__wlasl_05298_16.npz
aslcitizen,DEAF,P14,41048138699229675-DEAF,59,26,0.441,1.97,0.0,-0.31,LOW_HAND_RATE,train__DEAF__P14__41048138699229675-DEAF.npz
aslcitizen,WATER,P16,7176990560462237-WATER,68,30,0.441,2.27,0.0,0.02,LOW_HAND_RATE,train__WATER__P16__7176990560462237-WATER.npz
aslcitizen,HOW,P26,48721608073646605-HOW 2,68,30,0.441,2.23,0.0,-0.02,LOW_HAND_RATE,val__HOW__P26__48721608073646605-HOW 2.npz
aslcitizen,MORE,P26,17984011488050022-MORE,59,26,0.441,1.93,0.0,-0.34,LOW_HAND_RATE,val__MORE__P26__17984011488050022-MORE.npz
aslcitizen,STOP,P26,7757946316597986-STOP,59,26,0.441,1.97,0.0,0.78,LOW_HAND_RATE,val__STOP__P26__7757946316597986-STOP.npz
aslcitizen,DRINK,P22,8595649055844512-DRINK 2,43,19,0.442,1.43,0.0,-0.27,LOW_HAND_RATE,test__DRINK__P22__8595649055844512-DRINK 2.npz
aslcitizen,HELP,P6,9702910950898831-HELP,52,23,0.442,1.73,0.0,-0.51,LOW_HAND_RATE,test__HELP__P6__9702910950898831-HELP.npz
aslcitizen,HOW,P47,06437354909692172-HOW,86,38,0.442,2.87,0.0,-0.59,LOW_HAND_RATE,test__HOW__P47__06437354909692172-HOW.npz
aslcitizen,THANKYOU,P16,031705941185190545-THANK YOU,52,23,0.442,1.73,0.0,0.2,LOW_HAND_RATE,train__THANKYOU__P16__031705941185190545-THANK YOU.npz
aslcitizen,HURT,P16,834862039759457-HURT,61,27,0.443,2.03,0.0,-0.49,LOW_HAND_RATE,train__HURT__P16__834862039759457-HURT.npz
aslcitizen,HURT,P4,012220954143284501-HURT,97,43,0.443,3.24,0.0,0.7,LOW_HAND_RATE,train__HURT__P4__012220954143284501-HURT.npz
aslcitizen,SORRY,P30,9287154847825414-SORRY,106,47,0.443,3.55,0.0,-1.06,LOW_HAND_RATE,train__SORRY__P30__9287154847825414-SORRY.npz
aslcitizen,WAIT,P16,8068498353201266-WAIT,97,43,0.443,3.23,0.0,-0.81,LOW_HAND_RATE,train__WAIT__P16__8068498353201266-WAIT.npz
aslcitizen,EAT,P35,13884914336494525-EAT,54,24,0.444,1.8,0.0,-1.04,LOW_HAND_RATE,test__EAT__P35__13884914336494525-EAT.npz
aslcitizen,DEAF,P16,5966497138153777-DEAF,54,24,0.444,1.8,0.0,-0.26,LOW_HAND_RATE,train__DEAF__P16__5966497138153777-DEAF.npz
aslcitizen,WAIT,P7,524881037999334-WAIT,45,20,0.444,2.62,0.0,-0.53,LOW_HAND_RATE,train__WAIT__P7__524881037999334-WAIT.npz
aslcitizen,WHY,P27,9579391541087037-WHY,45,20,0.444,1.5,0.0,-0.84,LOW_HAND_RATE,train__WHY__P27__9579391541087037-WHY.npz
aslcitizen,HELP,P33,15046472702938374-HELP,173,77,0.445,5.77,0.0,-0.73,LOW_HAND_RATE,train__HELP__P33__15046472702938374-HELP.npz
aslcitizen,BYE,P17,5631016440125773-BYE,56,25,0.446,1.81,0.0,0.61,LOW_HAND_RATE,test__BYE__P17__5631016440125773-BYE.npz
aslcitizen,EAT,P40,5237431195885818-EAT,83,37,0.446,2.77,0.0,0.12,LOW_HAND_RATE,train__EAT__P40__5237431195885818-EAT.npz
aslcitizen,YES,P14,38970444942928073-YES,56,25,0.446,1.83,0.0,-0.13,LOW_HAND_RATE,train__YES__P14__38970444942928073-YES.npz
aslcitizen,DEAF,P39,8038995989097344-DEAF 2,112,50,0.446,3.73,0.0,0.05,LOW_HAND_RATE,val__DEAF__P39__8038995989097344-DEAF 2.npz
aslcitizen,BATHROOM,P37,8131544680721032-BATHROOM,38,17,0.447,1.27,0.0,-0.56,LOW_HAND_RATE,train__BATHROOM__P37__8131544680721032-BATHROOM.npz
aslcitizen,HURT,P27,5833224752574873-HURT,47,21,0.447,1.57,0.0,-0.3,LOW_HAND_RATE,train__HURT__P27__5833224752574873-HURT.npz
aslcitizen,SICK,P29,06509213312274453-SICK,47,21,0.447,1.57,0.0,-0.33,LOW_HAND_RATE,train__SICK__P29__06509213312274453-SICK.npz
aslcitizen,WHAT,P27,9648437167288393-WHAT 1,47,21,0.447,1.57,0.0,-0.32,LOW_HAND_RATE,train__WHAT__P27__9648437167288393-WHAT 1.npz
aslcitizen,BATHROOM,P26,6405573667025386-BATHROOM,76,34,0.447,2.52,0.0,-0.51,LOW_HAND_RATE,val__BATHROOM__P26__6405573667025386-BATHROOM.npz
aslcitizen,BYE,P22,32542343160867326-BYE,29,13,0.448,0.97,0.0,-0.73,LOW_HAND_RATE,test__BYE__P22__32542343160867326-BYE.npz
aslcitizen,MORE,P35,9421448198356972-MORE,67,30,0.448,2.24,0.0,0.27,LOW_HAND_RATE,test__MORE__P35__9421448198356972-MORE.npz
aslcitizen,SICK,P49,46526275710038-SICK,29,13,0.448,1.93,0.0,0.11,LOW_HAND_RATE,test__SICK__P49__46526275710038-SICK.npz
aslcitizen,WHAT,P22,404671863993352-WHAT 2,29,13,0.448,0.97,0.0,-0.2,LOW_HAND_RATE,test__WHAT__P22__404671863993352-WHAT 2.npz
aslcitizen,HURT,P30,4545920597656814-HURT,96,43,0.448,3.2,0.0,-0.06,LOW_HAND_RATE,train__HURT__P30__4545920597656814-HURT.npz
aslcitizen,NAME,P26,1420689770801613-NAME,58,26,0.448,1.94,0.0,-1.04,LOW_HAND_RATE,val__NAME__P26__1420689770801613-NAME.npz
aslcitizen,PLEASE,P21,42961246858695024-PLEASE,69,31,0.449,2.3,0.0,1.22,LOW_HAND_RATE,val__PLEASE__P21__42961246858695024-PLEASE.npz
aslcitizen,WHERE,P16,7750734997528588-WHERE,60,27,0.45,2.0,0.0,-0.16,LOW_HAND_RATE,train__WHERE__P16__7750734997528588-WHERE.npz
aslcitizen,SICK,P35,37419038878511945-SICK,51,23,0.451,1.71,0.0,0.28,LOW_HAND_RATE,test__SICK__P35__37419038878511945-SICK.npz
aslcitizen,PAIN,P11,7082903481857168-PAIN,51,23,0.451,1.7,0.0,-0.53,LOW_HAND_RATE,train__PAIN__P11__7082903481857168-PAIN.npz
aslcitizen,BATHROOM,P9,722023170046934-BATHROOM,124,56,0.452,4.13,0.0,0.87,LOW_HAND_RATE,test__BATHROOM__P9__722023170046934-BATHROOM.npz
aslcitizen,INTERPRETER,P47,014355229488112409-INTERPRETER,110,50,0.455,3.55,0.0,-0.37,LOW_HAND_RATE,test__INTERPRETER__P47__014355229488112409-INTERPRETER.npz
aslcitizen,PLEASE,P49,5042323343464843-PLEASE,22,10,0.455,1.47,0.0,0.95,LOW_HAND_RATE,test__PLEASE__P49__5042323343464843-PLEASE.npz
aslcitizen,HELLO,P16,0755679379568106-HELLO,55,25,0.455,1.83,0.0,0.23,LOW_HAND_RATE,train__HELLO__P16__0755679379568106-HELLO.npz
aslcitizen,DRINK,P21,7875424216858471-DRINK 2,55,25,0.455,1.83,0.0,-0.15,LOW_HAND_RATE,val__DRINK__P21__7875424216858471-DRINK 2.npz
aslcitizen,WHO,P21,6506737411983545-WHO,44,20,0.455,1.47,0.0,-0.06,LOW_HAND_RATE,val__WHO__P21__6506737411983545-WHO.npz
aslcitizen,STOP,P35,21416838482074008-STOP,57,26,0.456,1.87,0.0,-0.37,LOW_HAND_RATE,test__STOP__P35__21416838482074008-STOP.npz
aslcitizen,WATER,P15,7705639151800205-WATER,147,67,0.456,4.91,0.0,-0.38,LOW_HAND_RATE,test__WATER__P15__7705639151800205-WATER.npz
wlasl,HELLO,WLASL_21,27173_12,57,26,0.456,1.9,0.0,-0.03,LOW_HAND_RATE,train__HELLO__WLASL_21__wlasl_27173_12.npz
aslcitizen,HOW,P7,948548155363955-HOW,79,36,0.456,2.63,0.0,-0.45,LOW_HAND_RATE,train__HOW__P7__948548155363955-HOW.npz
aslcitizen,DEAF,P40,7822434515793355-DEAF,81,37,0.457,2.7,0.0,-0.33,LOW_HAND_RATE,train__DEAF__P40__7822434515793355-DEAF.npz
aslcitizen,WAIT,P35,6692766688263203-WAIT,59,27,0.458,1.97,0.0,1.67,LOW_HAND_RATE,test__WAIT__P35__6692766688263203-WAIT.npz
aslcitizen,PLEASE,P14,5956139983741693-PLEASE,72,33,0.458,2.4,0.0,-0.35,LOW_HAND_RATE,train__PLEASE__P14__5956139983741693-PLEASE.npz
aslcitizen,SORRY,P33,7662883760067802-SORRY,142,65,0.458,4.73,0.0,-0.56,LOW_HAND_RATE,train__SORRY__P33__7662883760067802-SORRY.npz
aslcitizen,WHAT,P27,1532464203763655-WHAT 2,48,22,0.458,1.6,0.0,-0.22,LOW_HAND_RATE,train__WHAT__P27__1532464203763655-WHAT 2.npz
aslcitizen,WHO,P37,22349971035391758-WHO,48,22,0.458,1.6,0.0,-0.52,LOW_HAND_RATE,train__WHO__P37__22349971035391758-WHO.npz
aslcitizen,WHY,P31,10953401131792706-WHY,72,33,0.458,2.4,0.0,0.06,LOW_HAND_RATE,train__WHY__P31__10953401131792706-WHY.npz
aslcitizen,WHERE,P12,7404223141679687-WHERE,59,27,0.458,1.97,0.0,-0.02,LOW_HAND_RATE,val__WHERE__P12__7404223141679687-WHERE.npz
aslcitizen,PAIN,P50,8882527528736919-PAIN,74,34,0.459,2.47,0.0,-0.22,LOW_HAND_RATE,train__PAIN__P50__8882527528736919-PAIN.npz
aslcitizen,THANKYOU,P31,274897834577152-THANK YOU,74,34,0.459,2.47,0.0,-1.13,LOW_HAND_RATE,train__THANKYOU__P31__274897834577152-THANK YOU.npz
aslcitizen,WATER,P26,9850177164607337-WATER,61,28,0.459,1.99,0.0,-0.18,LOW_HAND_RATE,val__WATER__P26__9850177164607337-WATER.npz
aslcitizen,HURT,P15,6798727816721306-HURT,87,40,0.46,2.9,0.0,-0.67,LOW_HAND_RATE,test__HURT__P15__6798727816721306-HURT.npz
aslcitizen,HOW,P27,7257805929367986-HOW 2,50,23,0.46,1.67,0.0,-0.4,LOW_HAND_RATE,train__HOW__P27__7257805929367986-HOW 2.npz
aslcitizen,NAME,P37,9125300798453833-NAME,50,23,0.46,1.67,0.0,-0.79,LOW_HAND_RATE,train__NAME__P37__9125300798453833-NAME.npz
aslcitizen,PAIN,P33,9177378686473288-PAIN,150,69,0.46,5.01,0.067,-0.45,LOW_HAND_RATE,train__PAIN__P33__9177378686473288-PAIN.npz
aslcitizen,WHO,P12,24758144482774802-WHO,50,23,0.46,1.67,0.0,0.09,LOW_HAND_RATE,val__WHO__P12__24758144482774802-WHO.npz
aslcitizen,HELP,P5,8534077485600235-HELP,89,41,0.461,2.97,0.0,-0.39,LOW_HAND_RATE,val__HELP__P5__8534077485600235-HELP.npz
aslcitizen,DEAF,P49,37411103447253136-DEAF 2,39,18,0.462,2.6,0.125,0.38,LOW_HAND_RATE,test__DEAF__P49__37411103447253136-DEAF 2.npz
aslcitizen,EAT,P6,7640667133656183-EAT,39,18,0.462,1.3,0.0,-0.17,LOW_HAND_RATE,test__EAT__P6__7640667133656183-EAT.npz
aslcitizen,DEAF,P37,9833342420720304-DEAF,52,24,0.462,1.74,0.0,-0.52,LOW_HAND_RATE,train__DEAF__P37__9833342420720304-DEAF.npz
aslcitizen,HOW,P37,540755360226808-HOW 2,52,24,0.462,1.73,0.0,-0.67,LOW_HAND_RATE,train__HOW__P37__540755360226808-HOW 2.npz
aslcitizen,WHAT,P37,6481029082097123-WHAT 1,65,30,0.462,2.17,0.0,-0.02,LOW_HAND_RATE,train__WHAT__P37__6481029082097123-WHAT 1.npz
aslcitizen,INTERPRETER,P26,5042625197582111-INTERPRETER,78,36,0.462,2.57,0.0,0.56,LOW_HAND_RATE,val__INTERPRETER__P26__5042625197582111-INTERPRETER.npz
aslcitizen,BYE,P35,5023793115629094-BYE,54,25,0.463,1.81,0.0,-0.44,LOW_HAND_RATE,test__BYE__P35__5023793115629094-BYE.npz
aslcitizen,EAT,P35,7291224290785421-EAT,80,37,0.463,2.63,0.0,-0.93,LOW_HAND_RATE,test__EAT__P35__7291224290785421-EAT.npz
aslcitizen,HELLO,P6,9042145214602195-HELLO,41,19,0.463,1.37,0.0,-0.32,LOW_HAND_RATE,test__HELLO__P6__9042145214602195-HELLO.npz
aslcitizen,PAIN,P6,6304966560640322-PAIN,67,31,0.463,2.23,0.0,-1.14,LOW_HAND_RATE,test__PAIN__P6__6304966560640322-PAIN.npz
aslcitizen,NAME,P51,7680995774148371-NAME,67,31,0.463,2.23,0.0,2.07,LOW_HAND_RATE,train__NAME__P51__7680995774148371-NAME.npz
aslcitizen,PLEASE,P50,5305284657006966-PLEASE,67,31,0.463,2.23,0.0,-1.15,LOW_HAND_RATE,train__PLEASE__P50__5305284657006966-PLEASE.npz
aslcitizen,PAIN,P40,41903857571087433-PAIN,84,39,0.464,2.81,0.0,-0.2,LOW_HAND_RATE,train__PAIN__P40__41903857571087433-PAIN.npz
aslcitizen,YES,P37,44146024789241256-YES,56,26,0.464,1.87,0.0,-0.29,LOW_HAND_RATE,train__YES__P37__44146024789241256-YES.npz
wlasl,BYE,WLASL_59,08510_0,99,46,0.465,3.3,0.0,-0.05,LOW_HAND_RATE,train__BYE__WLASL_59__wlasl_08510_0.npz
aslcitizen,INTERPRETER,P43,3318731808241877-INTERPRETER,71,33,0.465,2.32,0.0,0.0,LOW_HAND_RATE,train__INTERPRETER__P43__3318731808241877-INTERPRETER.npz
aslcitizen,DEAF,P48,8622441304805439-DEAF,58,27,0.466,1.93,0.0,-0.32,LOW_HAND_RATE,test__DEAF__P48__8622441304805439-DEAF.npz
aslcitizen,HOW,P35,25388875174562653-HOW,58,27,0.466,1.93,0.0,0.29,LOW_HAND_RATE,test__HOW__P35__25388875174562653-HOW.npz
aslcitizen,NAME,P16,45143019985078214-NAME,58,27,0.466,1.93,0.0,0.0,LOW_HAND_RATE,train__NAME__P16__45143019985078214-NAME.npz
aslcitizen,STOP,P23,815577675920792-STOP,73,34,0.466,2.43,0.0,1.55,LOW_HAND_RATE,train__STOP__P23__815577675920792-STOP.npz
aslcitizen,EAT,P17,7769434916738955-EAT,60,28,0.467,2.02,0.0,2.35,LOW_HAND_RATE,test__EAT__P17__7769434916738955-EAT.npz
aslcitizen,EAT,P22,7510361706596533-EAT 2,30,14,0.467,1.0,0.0,0.08,LOW_HAND_RATE,test__EAT__P22__7510361706596533-EAT 2.npz
aslcitizen,WATER,P37,6216809763132565-WATER,45,21,0.467,1.5,0.0,-0.61,LOW_HAND_RATE,train__WATER__P37__6216809763132565-WATER.npz
aslcitizen,SORRY,P15,258135021561094-SORRY,94,44,0.468,3.13,0.0,-1.24,LOW_HAND_RATE,test__SORRY__P15__258135021561094-SORRY.npz
aslcitizen,DRINK,P37,2789046705437668-DRINK 2,62,29,0.468,2.07,0.0,-0.69,LOW_HAND_RATE,train__DRINK__P37__2789046705437668-DRINK 2.npz
aslcitizen,MORE,P36,8398312100057683-MORE,79,37,0.468,2.63,0.0,-0.67,LOW_HAND_RATE,train__MORE__P36__8398312100057683-MORE.npz
aslcitizen,WHO,P50,5344192765643432-WHO,62,29,0.468,2.07,0.0,-0.9,LOW_HAND_RATE,train__WHO__P50__5344192765643432-WHO.npz
aslcitizen,EAT,P21,14082179940882456-EAT 2,47,22,0.468,1.57,0.0,0.33,LOW_HAND_RATE,val__EAT__P21__14082179940882456-EAT 2.npz
aslcitizen,DRINK,P35,21698877434119446-DRINK,49,23,0.469,1.63,0.0,0.18,LOW_HAND_RATE,test__DRINK__P35__21698877434119446-DRINK.npz
aslcitizen,HUNGRY,P49,5953063052308991-HUNGRY,49,23,0.469,1.63,0.2,0.22,LOW_HAND_RATE,test__HUNGRY__P49__5953063052308991-HUNGRY.npz
aslcitizen,WHO,P9,803567742919048-WHO,96,45,0.469,3.2,0.0,0.88,LOW_HAND_RATE,test__WHO__P9__803567742919048-WHO.npz
aslcitizen,EAT,P31,5290075047843825-EAT 2,81,38,0.469,2.71,0.0,0.5,LOW_HAND_RATE,train__EAT__P31__5290075047843825-EAT 2.npz
aslcitizen,INTERPRETER,P37,3921287402137754-INTERPRETER,64,30,0.469,2.15,0.0,-0.15,LOW_HAND_RATE,train__INTERPRETER__P37__3921287402137754-INTERPRETER.npz
aslcitizen,WAIT,P6,4219284432732393-WAIT,66,31,0.47,2.2,0.0,0.09,LOW_HAND_RATE,test__WAIT__P6__4219284432732393-WAIT.npz
aslcitizen,PLEASE,P9,8166852609962443-PLEASE,104,49,0.471,3.43,0.0,-0.21,LOW_HAND_RATE,test__PLEASE__P9__8166852609962443-PLEASE.npz
aslcitizen,UNDERSTAND,P48,2374155228317818-UNDERSTAND,51,24,0.471,1.7,0.0,0.29,LOW_HAND_RATE,test__UNDERSTAND__P48__2374155228317818-UNDERSTAND.npz
wlasl,UNDERSTAND,WLASL_82,60554_8,104,49,0.471,3.47,0.0,-0.88,LOW_HAND_RATE,train__UNDERSTAND__WLASL_82__wlasl_60554_8.npz
aslcitizen,BATHROOM,P16,6655667570633721-BATHROOM,89,42,0.472,2.97,0.0,-0.15,LOW_HAND_RATE,train__BATHROOM__P16__6655667570633721-BATHROOM.npz
aslcitizen,DRINK,P40,9841052916244253-DRINK,72,34,0.472,2.4,0.0,-0.29,LOW_HAND_RATE,train__DRINK__P40__9841052916244253-DRINK.npz
wlasl,SICK,WLASL_118,69470_1,72,34,0.472,2.4,0.0,-0.24,LOW_HAND_RATE,train__SICK__WLASL_118__wlasl_69470_1.npz
aslcitizen,DEAF,P17,9742883685495938-DEAF,55,26,0.473,1.84,0.0,-0.31,LOW_HAND_RATE,test__DEAF__P17__9742883685495938-DEAF.npz
aslcitizen,THANKYOU,P48,7057474129672285-THANK YOU,55,26,0.473,1.83,0.0,0.43,LOW_HAND_RATE,test__THANKYOU__P48__7057474129672285-THANK YOU.npz
aslcitizen,HOW,P31,8268472142479768-HOW,74,35,0.473,2.47,0.0,-0.73,LOW_HAND_RATE,train__HOW__P31__8268472142479768-HOW.npz
aslcitizen,INTERPRETER,P40,6692546186048767-INTERPRETER,91,43,0.473,3.03,0.0,-0.23,LOW_HAND_RATE,train__INTERPRETER__P40__6692546186048767-INTERPRETER.npz
aslcitizen,SORRY,P21,15179467641851585-SORRY,55,26,0.473,1.83,0.0,0.48,LOW_HAND_RATE,val__SORRY__P21__15179467641851585-SORRY.npz
aslcitizen,HURT,P6,526049354350854-HURT,57,27,0.474,1.9,0.0,-1.0,LOW_HAND_RATE,test__HURT__P6__526049354350854-HURT.npz
aslcitizen,HOW,P40,34202486889563555-HOW 2,78,37,0.474,2.6,0.0,-0.2,LOW_HAND_RATE,train__HOW__P40__34202486889563555-HOW 2.npz
aslcitizen,HURT,P26,24503491036116554-HURT,76,36,0.474,2.54,0.0,-0.57,LOW_HAND_RATE,val__HURT__P26__24503491036116554-HURT.npz
aslcitizen,WHAT,P40,3893021840905462-WHAT 1,80,38,0.475,2.64,0.0,-0.36,LOW_HAND_RATE,train__WHAT__P40__3893021840905462-WHAT 1.npz
aslcitizen,INTERPRETER,P48,22886884557885012-INTERPRETER,82,39,0.476,2.73,0.0,-0.59,LOW_HAND_RATE,test__INTERPRETER__P48__22886884557885012-INTERPRETER.npz
aslcitizen,DEAF,P23,310180956332871-DEAF 2,82,39,0.476,2.73,0.0,-0.33,LOW_HAND_RATE,train__DEAF__P23__310180956332871-DEAF 2.npz
aslcitizen,NAME,P17,721473614329061-NAME,65,31,0.477,2.17,0.0,0.46,LOW_HAND_RATE,test__NAME__P17__721473614329061-NAME.npz
aslcitizen,WHO,P48,9790302153060182-WHO,44,21,0.477,1.47,0.0,-0.13,LOW_HAND_RATE,test__WHO__P48__9790302153060182-WHO.npz
aslcitizen,DRINK,P6,7157386044540075-DRINK 2,67,32,0.478,2.24,0.0,-0.11,LOW_HAND_RATE,test__DRINK__P6__7157386044540075-DRINK 2.npz
aslcitizen,INTERPRETER,P35,7800453060473915-INTERPRETER,90,43,0.478,3.01,0.0,-0.39,LOW_HAND_RATE,test__INTERPRETER__P35__7800453060473915-INTERPRETER.npz
aslcitizen,NO,P36,3919396171653571-NO,46,22,0.478,1.5,0.0,-0.35,LOW_HAND_RATE,train__NO__P36__3919396171653571-NO.npz
aslcitizen,WAIT,P27,031074918450269218-WAIT,46,22,0.478,1.53,0.0,-0.12,LOW_HAND_RATE,train__WAIT__P27__031074918450269218-WAIT.npz
aslcitizen,WHY,P40,7885296477376487-WHY,69,33,0.478,2.3,0.0,1.53,LOW_HAND_RATE,train__WHY__P40__7885296477376487-WHY.npz
aslcitizen,YES,P27,32941176670637984-YES,46,22,0.478,1.54,0.0,-0.37,LOW_HAND_RATE,train__YES__P27__32941176670637984-YES.npz
aslcitizen,EAT,P16,7821457095653572-EAT 2,71,34,0.479,2.37,0.0,-0.16,LOW_HAND_RATE,train__EAT__P16__7821457095653572-EAT 2.npz
aslcitizen,INTERPRETER,P16,6413291064413598-INTERPRETER,73,35,0.479,2.43,0.0,-0.35,LOW_HAND_RATE,train__INTERPRETER__P16__6413291064413598-INTERPRETER.npz
aslcitizen,BYE,P9,4578901677582461-BYE,79,38,0.481,2.6,0.0,-0.93,LOW_HAND_RATE,test__BYE__P9__4578901677582461-BYE.npz
aslcitizen,EAT,P16,8083635818179542-EAT,77,37,0.481,2.57,0.0,-0.05,LOW_HAND_RATE,train__EAT__P16__8083635818179542-EAT.npz
wlasl,DRINK,WLASL_109,68041_6,87,42,0.483,3.48,0.0,1.1,LOW_HAND_RATE,train__DRINK__WLASL_109__wlasl_68041_6.npz
aslcitizen,HOW,P14,9117355925466168-HOW,62,30,0.484,2.03,0.0,-0.06,LOW_HAND_RATE,train__HOW__P14__9117355925466168-HOW.npz
aslcitizen,EAT,P49,9170908200517884-EAT 2,37,18,0.486,1.23,0.0,1.46,LOW_HAND_RATE,test__EAT__P49__9170908200517884-EAT 2.npz
aslcitizen,DEAF,P35,8245190559451223-DEAF,76,37,0.487,2.53,0.0,-0.8,LOW_HAND_RATE,test__DEAF__P35__8245190559451223-DEAF.npz
aslcitizen,DEAF,P31,055902509113725074-DEAF,80,39,0.487,2.67,0.0,-0.24,LOW_HAND_RATE,train__DEAF__P31__055902509113725074-DEAF.npz
aslcitizen,DRINK,P40,17063504743468516-DRINK 2,80,39,0.487,2.67,0.0,0.05,LOW_HAND_RATE,train__DRINK__P40__17063504743468516-DRINK 2.npz
aslcitizen,HELLO,P7,7613696736100914-HELLO,76,37,0.487,2.53,0.0,-0.39,LOW_HAND_RATE,train__HELLO__P7__7613696736100914-HELLO.npz
aslcitizen,HELP,P11,8646796456836814-HELP,43,21,0.488,1.43,0.0,-0.93,LOW_HAND_RATE,train__HELP__P11__8646796456836814-HELP.npz
wlasl,HUNGRY,WLASL_38,28377_6,84,41,0.488,2.8,0.0,0.27,LOW_HAND_RATE,train__HUNGRY__WLASL_38__wlasl_28377_6.npz
aslcitizen,DRINK,P17,1184248496668674-DRINK,45,22,0.489,1.5,0.0,0.93,LOW_HAND_RATE,test__DRINK__P17__1184248496668674-DRINK.npz
aslcitizen,INTERPRETER,P42,39793275246996807-INTERPRETER,45,22,0.489,1.46,0.0,-0.49,LOW_HAND_RATE,test__INTERPRETER__P42__39793275246996807-INTERPRETER.npz
aslcitizen,HELLO,P27,5254351100197965-HELLO,45,22,0.489,1.5,0.0,-0.95,LOW_HAND_RATE,train__HELLO__P27__5254351100197965-HELLO.npz
aslcitizen,DEAF,P35,2149343960761707-DEAF,51,25,0.49,1.7,0.0,-0.48,LOW_HAND_RATE,test__DEAF__P35__2149343960761707-DEAF.npz
aslcitizen,SICK,P22,40883500861073974-SICK,49,24,0.49,1.63,0.0,-0.29,LOW_HAND_RATE,test__SICK__P22__40883500861073974-SICK.npz
aslcitizen,STOP,P52,9191814085149543-seedSTOP,102,50,0.49,3.33,0.0,-0.1,LOW_HAND_RATE,train__STOP__P52__9191814085149543-seedSTOP.npz
wlasl,WHERE,WLASL_13,63084_13,104,51,0.49,3.47,0.0,-0.41,LOW_HAND_RATE,train__WHERE__WLASL_13__wlasl_63084_13.npz
aslcitizen,HELLO,P48,5339916560192981-HELLO,53,26,0.491,1.77,0.0,0.27,LOW_HAND_RATE,test__HELLO__P48__5339916560192981-HELLO.npz
aslcitizen,HOW,P6,8193368982950104-HOW 2,53,26,0.491,1.77,0.0,0.03,LOW_HAND_RATE,test__HOW__P6__8193368982950104-HOW 2.npz
wlasl,MORE,WLASL_36,36828_14,57,28,0.491,1.9,0.0,2.13,LOW_HAND_RATE,train__MORE__WLASL_36__wlasl_36828_14.npz
aslcitizen,YES,P21,9161842981344352-YES,57,28,0.491,1.9,0.0,-0.07,LOW_HAND_RATE,val__YES__P21__9161842981344352-YES.npz
aslcitizen,BATHROOM,P35,13788190509940335-BATHROOM,63,31,0.492,2.11,0.0,-0.55,LOW_HAND_RATE,test__BATHROOM__P35__13788190509940335-BATHROOM.npz
aslcitizen,DEAF,P37,9899511825675291-DEAF,65,32,0.492,2.17,0.0,-0.24,LOW_HAND_RATE,train__DEAF__P37__9899511825675291-DEAF.npz
aslcitizen,MORE,P16,033095312435714064-MORE,61,30,0.492,2.03,0.0,-0.56,LOW_HAND_RATE,train__MORE__P16__033095312435714064-MORE.npz
aslcitizen,WAIT,P29,72369024028368-WAIT,71,35,0.493,2.37,0.0,-0.46,LOW_HAND_RATE,train__WAIT__P29__72369024028368-WAIT.npz
aslcitizen,UNDERSTAND,P40,4687993210650012-UNDERSTAND,79,39,0.494,2.6,0.0,0.42,LOW_HAND_RATE,train__UNDERSTAND__P40__4687993210650012-UNDERSTAND.npz
aslcitizen,YES,P9,7199652013477922-YES,91,45,0.495,3.03,0.0,-0.39,LOW_HAND_RATE,test__YES__P9__7199652013477922-YES.npz
wlasl,MORE,WLASL_52,36829_15,82,41,0.5,2.74,1.0,-0.48,CORRUPT_FRAMES,train__MORE__WLASL_52__wlasl_36829_15.npz
aslcitizen,NO,P9,5328649685588343-NO,93,47,0.505,3.11,0.0,3.49,FAR_FROM_WORD,test__NO__P9__5328649685588343-NO.npz
wlasl,WAIT,WLASL_60,62100_4,107,55,0.514,3.57,1.0,0.01,CORRUPT_FRAMES,train__WAIT__WLASL_60__wlasl_62100_4.npz
wlasl,WHAT,WLASL_5,62984_12,60,31,0.517,2.0,1.0,-0.32,CORRUPT_FRAMES,train__WHAT__WLASL_5__wlasl_62984_12.npz
aslcitizen,BATHROOM,P40,8819170852454765-BATHROOM,85,44,0.518,2.84,0.353,0.21,CORRUPT_FRAMES,train__BATHROOM__P40__8819170852454765-BATHROOM.npz
aslcitizen,BYE,P49,2223181186410932-BYE,25,13,0.52,1.67,1.0,0.34,CORRUPT_FRAMES,test__BYE__P49__2223181186410932-BYE.npz
wlasl,YES,WLASL_5,64297_14,46,24,0.522,1.53,1.0,-0.37,CORRUPT_FRAMES,train__YES__WLASL_5__wlasl_64297_14.npz
wlasl,BYE,WLASL_3,25044_1,53,28,0.528,1.77,1.0,-0.11,CORRUPT_FRAMES,train__BYE__WLASL_3__wlasl_25044_1.npz
aslcitizen,YES,P49,5327840336837257-YES,17,9,0.529,1.13,0.75,-0.08,CORRUPT_FRAMES,test__YES__P49__5327840336837257-YES.npz
aslcitizen,INTERPRETER,P49,8738981266706498-INTERPRETER,79,42,0.532,2.63,0.812,-0.22,CORRUPT_FRAMES,test__INTERPRETER__P49__8738981266706498-INTERPRETER.npz
wlasl,DRINK,WLASL_121,70173_2,122,65,0.533,4.07,0.08,34.34,FAR_FROM_WORD,train__DRINK__WLASL_121__wlasl_70173_2.npz
wlasl,HOW,WLASL_5,28212_13,75,40,0.533,2.5,1.0,-0.17,CORRUPT_FRAMES,train__HOW__WLASL_5__wlasl_28212_13.npz
wlasl,WHO,WLASL_46,63230_12,60,32,0.533,2.0,1.0,-0.7,CORRUPT_FRAMES,train__WHO__WLASL_46__wlasl_63230_12.npz
wlasl,BATHROOM,WLASL_5,58740_3,62,34,0.548,2.07,1.0,0.5,CORRUPT_FRAMES,train__BATHROOM__WLASL_5__wlasl_58740_3.npz
wlasl,MORE,WLASL_2,36827_13,93,52,0.559,3.72,0.368,1.56,CORRUPT_FRAMES,train__MORE__WLASL_2__wlasl_36827_13.npz
wlasl,HOW,WLASL_46,28204_18,91,51,0.56,3.04,1.0,1.61,CORRUPT_FRAMES,train__HOW__WLASL_46__wlasl_28204_18.npz
wlasl,UNDERSTAND,WLASL_6,60546_7,41,23,0.561,1.71,1.0,-0.79,CORRUPT_FRAMES,train__UNDERSTAND__WLASL_6__wlasl_60546_7.npz
wlasl,HUNGRY,WLASL_52,28378_7,35,20,0.571,1.17,1.0,-0.47,CORRUPT_FRAMES,train__HUNGRY__WLASL_52__wlasl_28378_7.npz
aslcitizen,INTERPRETER,P9,10872535872109146-INTERPRETER,103,59,0.573,3.43,0.0,5.05,FAR_FROM_WORD,test__INTERPRETER__P9__10872535872109146-INTERPRETER.npz
wlasl,HUNGRY,WLASL_5,28382_11,65,38,0.585,2.17,1.0,-0.79,CORRUPT_FRAMES,train__HUNGRY__WLASL_5__wlasl_28382_11.npz
wlasl,HELLO,WLASL_64,27180_5,112,66,0.589,3.74,1.0,0.85,CORRUPT_FRAMES,train__HELLO__WLASL_64__wlasl_27180_5.npz
wlasl,WHO,WLASL_5,63240_5,71,42,0.592,2.37,1.0,-0.78,CORRUPT_FRAMES,train__WHO__WLASL_5__wlasl_63240_5.npz
wlasl,WATER,WLASL_52,62502_16,91,54,0.593,3.04,1.0,-0.56,CORRUPT_FRAMES,train__WATER__WLASL_52__wlasl_62502_16.npz
wlasl,DEAF,WLASL_5,14899_4,74,44,0.595,2.47,1.0,-0.51,CORRUPT_FRAMES,train__DEAF__WLASL_5__wlasl_14899_4.npz
wlasl,WATER,WLASL_5,62508_8,80,48,0.6,2.67,1.0,-0.55,CORRUPT_FRAMES,train__WATER__WLASL_5__wlasl_62508_8.npz
wlasl,WHAT,WLASL_39,62967_5,25,15,0.6,0.83,1.0,-0.21,CORRUPT_FRAMES,train__WHAT__WLASL_39__wlasl_62967_5.npz
wlasl,YES,WLASL_3,64284_5,55,33,0.6,1.84,1.0,0.17,CORRUPT_FRAMES,train__YES__WLASL_3__wlasl_64284_5.npz
aslcitizen,DEAF,P49,6424376527059805-DEAF 2,86,52,0.605,2.87,1.0,0.72,CORRUPT_FRAMES,test__DEAF__P49__6424376527059805-DEAF 2.npz
wlasl,BATHROOM,WLASL_5,47725_4,66,40,0.606,2.2,1.0,-0.57,CORRUPT_FRAMES,train__BATHROOM__WLASL_5__wlasl_47725_4.npz
wlasl,PLEASE,WLASL_5,43224_14,71,43,0.606,2.37,1.0,-0.74,CORRUPT_FRAMES,train__PLEASE__WLASL_5__wlasl_43224_14.npz
wlasl,SORRY,WLASL_5,53372_3,66,40,0.606,2.2,1.0,-0.7,CORRUPT_FRAMES,train__SORRY__WLASL_5__wlasl_53372_3.npz
aslcitizen,WHAT,P33,028829908292230533-WHAT 1,163,99,0.607,5.46,0.0,7.29,FAR_FROM_WORD,train__WHAT__P33__028829908292230533-WHAT 1.npz
wlasl,HURT,WLASL_5,28452_13,77,47,0.61,2.57,1.0,-0.4,CORRUPT_FRAMES,train__HURT__WLASL_5__wlasl_28452_13.npz
wlasl,YES,WLASL_5,64294_10,59,36,0.61,1.97,1.0,-0.39,CORRUPT_FRAMES,train__YES__WLASL_5__wlasl_64294_10.npz
aslcitizen,DEAF,P49,24393293337340283-DEAF,44,27,0.614,1.47,1.0,0.1,CORRUPT_FRAMES,test__DEAF__P49__24393293337340283-DEAF.npz
aslcitizen,WHAT,P49,156881627862701-WHAT 1,70,43,0.614,2.33,0.357,-0.39,CORRUPT_FRAMES,test__WHAT__P49__156881627862701-WHAT 1.npz
aslcitizen,HELLO,P49,3283413810240037-HELLO,47,29,0.617,1.57,0.9,0.26,CORRUPT_FRAMES,test__HELLO__P49__3283413810240037-HELLO.npz
wlasl,DRINK,WLASL_6,17712_20,42,26,0.619,1.75,1.0,0.54,CORRUPT_FRAMES,train__DRINK__WLASL_6__wlasl_17712_20.npz
wlasl,WHAT,WLASL_32,62968_7,42,26,0.619,1.75,1.0,0.15,CORRUPT_FRAMES,train__WHAT__WLASL_32__wlasl_62968_7.npz
wlasl,WATER,WLASL_5,62507_7,95,59,0.621,3.17,1.0,-0.54,CORRUPT_FRAMES,train__WATER__WLASL_5__wlasl_62507_7.npz
wlasl,DEAF,WLASL_4,14886_13,37,23,0.622,1.23,1.0,-0.33,CORRUPT_FRAMES,train__DEAF__WLASL_4__wlasl_14886_13.npz
wlasl,HOW,WLASL_36,28202_16,78,49,0.628,2.6,0.0,4.29,FAR_FROM_WORD,train__HOW__WLASL_36__wlasl_28202_16.npz
wlasl,HELLO,WLASL_5,27181_7,52,33,0.635,1.74,1.0,-0.57,CORRUPT_FRAMES,train__HELLO__WLASL_5__wlasl_27181_7.npz
wlasl,SICK,WLASL_5,51514_22,80,51,0.637,2.67,1.0,-0.5,CORRUPT_FRAMES,train__SICK__WLASL_5__wlasl_51514_22.npz
aslcitizen,UNDERSTAND,P49,40156343723600907-UNDERSTAND,34,22,0.647,1.13,0.429,-0.09,CORRUPT_FRAMES,test__UNDERSTAND__P49__40156343723600907-UNDERSTAND.npz
wlasl,HELLO,WLASL_46,27172_11,68,44,0.647,2.27,1.0,0.1,CORRUPT_FRAMES,train__HELLO__WLASL_46__wlasl_27172_11.npz
wlasl,NO,WLASL_5,38541_6,85,55,0.647,2.84,1.0,0.83,CORRUPT_FRAMES,train__NO__WLASL_5__wlasl_38541_6.npz
wlasl,BATHROOM,WLASL_5,05305_7,100,65,0.65,3.34,1.0,-0.55,CORRUPT_FRAMES,train__BATHROOM__WLASL_5__wlasl_05305_7.npz
wlasl,DEAF,WLASL_45,14883_10,23,15,0.652,0.77,0.6,-0.61,CORRUPT_FRAMES,train__DEAF__WLASL_45__wlasl_14883_10.npz
wlasl,DEAF,WLASL_5,14898_26,91,60,0.659,3.04,1.0,-0.55,CORRUPT_FRAMES,train__DEAF__WLASL_5__wlasl_14898_26.npz
wlasl,YES,WLASL_5,64295_11,59,39,0.661,1.97,1.0,-0.35,CORRUPT_FRAMES,train__YES__WLASL_5__wlasl_64295_11.npz
wlasl,SORRY,WLASL_5,53373_4,66,44,0.667,2.2,1.0,-1.0,CORRUPT_FRAMES,train__SORRY__WLASL_5__wlasl_53373_4.npz
wlasl,EAT,WLASL_64,18331_10,52,35,0.673,1.74,1.0,0.81,CORRUPT_FRAMES,train__EAT__WLASL_64__wlasl_18331_10.npz
wlasl,STOP,WLASL_4,54923_4,43,29,0.674,1.43,1.0,-0.76,CORRUPT_FRAMES,train__STOP__WLASL_4__wlasl_54923_4.npz
wlasl,DRINK,WLASL_5,17731_14,71,48,0.676,2.37,1.0,-0.61,CORRUPT_FRAMES,train__DRINK__WLASL_5__wlasl_17731_14.npz
wlasl,DEAF,WLASL_45,14885_12,25,17,0.68,0.83,1.0,-0.39,CORRUPT_FRAMES,train__DEAF__WLASL_45__wlasl_14885_12.npz
wlasl,DRINK,WLASL_5,17725_7,69,47,0.681,2.3,1.0,-0.61,CORRUPT_FRAMES,train__DRINK__WLASL_5__wlasl_17725_7.npz
aslcitizen,DRINK,P49,5500549780163715-DRINK 2,57,39,0.684,1.9,1.0,0.14,CORRUPT_FRAMES,test__DRINK__P49__5500549780163715-DRINK 2.npz
wlasl,UNDERSTAND,WLASL_5,60553_1,80,56,0.7,2.67,1.0,-0.67,CORRUPT_FRAMES,train__UNDERSTAND__WLASL_5__wlasl_60553_1.npz
wlasl,WAIT,WLASL_32,62101_5,30,21,0.7,1.25,1.0,-0.31,CORRUPT_FRAMES,train__WAIT__WLASL_32__wlasl_62101_5.npz
wlasl,DEAF,WLASL_4,14884_11,37,26,0.703,1.23,1.0,-0.35,CORRUPT_FRAMES,train__DEAF__WLASL_4__wlasl_14884_11.npz
wlasl,WHAT,WLASL_4,62966_29,24,17,0.708,1.0,1.0,-0.25,CORRUPT_FRAMES,train__WHAT__WLASL_4__wlasl_62966_29.npz
wlasl,NO,WLASL_5,38540_5,93,66,0.71,3.1,1.0,-1.06,CORRUPT_FRAMES,train__NO__WLASL_5__wlasl_38540_5.npz
wlasl,INTERPRETER,WLASL_5,30261_7,77,55,0.714,2.57,1.0,0.24,CORRUPT_FRAMES,train__INTERPRETER__WLASL_5__wlasl_30261_7.npz
wlasl,NAME,WLASL_32,37581_10,42,30,0.714,1.75,1.0,0.06,CORRUPT_FRAMES,train__NAME__WLASL_32__wlasl_37581_10.npz
wlasl,SICK,WLASL_5,51515_23,78,56,0.718,2.6,1.0,-0.48,CORRUPT_FRAMES,train__SICK__WLASL_5__wlasl_51515_23.npz
wlasl,SORRY,WLASL_2,53365_7,117,84,0.718,4.68,0.542,-0.57,CORRUPT_FRAMES,train__SORRY__WLASL_2__wlasl_53365_7.npz
aslcitizen,SORRY,P6,5199425437483545-SORRY,54,39,0.722,1.81,0.0,3.11,FAR_FROM_WORD,test__SORRY__P6__5199425437483545-SORRY.npz
aslcitizen,EAT,P49,550827298682977-EAT,26,19,0.731,1.73,0.667,0.59,CORRUPT_FRAMES,test__EAT__P49__550827298682977-EAT.npz
wlasl,WHERE,WLASL_5,63089_5,138,101,0.732,4.6,1.0,2.13,CORRUPT_FRAMES,train__WHERE__WLASL_5__wlasl_63089_5.npz
wlasl,WHY,WLASL_46,63283_3,46,34,0.739,1.53,1.0,-0.33,CORRUPT_FRAMES,train__WHY__WLASL_46__wlasl_63283_3.npz
wlasl,THANKYOU,WLASL_115,69502_1,81,60,0.741,2.7,0.0,4.65,FAR_FROM_WORD,train__THANKYOU__WLASL_115__wlasl_69502_1.npz
wlasl,BATHROOM,WLASL_5,05304_6,75,56,0.747,2.5,1.0,-0.53,CORRUPT_FRAMES,train__BATHROOM__WLASL_5__wlasl_05304_6.npz
wlasl,WHO,WLASL_5,63239_4,99,74,0.747,3.3,0.3,-0.71,CORRUPT_FRAMES,train__WHO__WLASL_5__wlasl_63239_4.npz
wlasl,DRINK,WLASL_5,17728_10,66,50,0.758,2.2,1.0,-0.55,CORRUPT_FRAMES,train__DRINK__WLASL_5__wlasl_17728_10.npz
wlasl,WAIT,WLASL_6,62102_6,42,32,0.762,1.4,0.667,-0.21,CORRUPT_FRAMES,train__WAIT__WLASL_6__wlasl_62102_6.npz
aslcitizen,BATHROOM,P51,03197771323074128-BATHROOM,60,46,0.767,2.0,0.0,4.86,FAR_FROM_WORD,train__BATHROOM__P51__03197771323074128-BATHROOM.npz
aslcitizen,THANKYOU,P49,35156313213734314-THANK YOU,44,34,0.773,1.47,1.0,0.53,CORRUPT_FRAMES,test__THANKYOU__P49__35156313213734314-THANK YOU.npz
wlasl,STOP,WLASL_5,54929_8,84,65,0.774,2.8,1.0,1.87,CORRUPT_FRAMES,train__STOP__WLASL_5__wlasl_54929_8.npz
aslcitizen,WHO,P49,9738453337311435-WHO,23,18,0.783,1.53,0.6,0.29,CORRUPT_FRAMES,test__WHO__P49__9738453337311435-WHO.npz
wlasl,BATHROOM,WLASL_9,47721_0,50,42,0.84,2.0,1.0,1.15,CORRUPT_FRAMES,train__BATHROOM__WLASL_9__wlasl_47721_0.npz
wlasl,HELP,WLASL_4,27207_6,57,48,0.842,1.9,1.0,-0.66,CORRUPT_FRAMES,train__HELP__WLASL_4__wlasl_27207_6.npz
wlasl,STOP,WLASL_9,54915_0,40,37,0.925,1.6,1.0,-0.33,CORRUPT_FRAMES,train__STOP__WLASL_9__wlasl_54915_0.npz
wlasl,HELP,WLASL_21,27208_7,67,65,0.97,2.23,0.0,15.8,FAR_FROM_WORD,train__HELP__WLASL_21__wlasl_27208_7.npz
wlasl,NAME,WLASL_9,37575_0,43,42,0.977,1.72,1.0,0.73,CORRUPT_FRAMES,train__NAME__WLASL_9__wlasl_37575_0.npz
wlasl,BYE,WLASL_9,25041_0,47,46,0.979,1.88,1.0,-0.44,CORRUPT_FRAMES,train__BYE__WLASL_9__wlasl_25041_0.npz
wlasl,PLEASE,WLASL_9,43213_0,60,59,0.983,2.4,1.0,0.89,CORRUPT_FRAMES,train__PLEASE__WLASL_9__wlasl_43213_0.npz
wlasl,SICK,WLASL_9,51494_0,60,59,0.983,2.4,1.0,-0.17,CORRUPT_FRAMES,train__SICK__WLASL_9__wlasl_51494_0.npz
wlasl,BATHROOM,WLASL_9,05296_0,67,67,1.0,2.68,1.0,0.3,CORRUPT_FRAMES,train__BATHROOM__WLASL_9__wlasl_05296_0.npz
wlasl,BATHROOM,WLASL_9,58731_0,40,40,1.0,1.6,1.0,-0.56,CORRUPT_FRAMES,train__BATHROOM__WLASL_9__wlasl_58731_0.npz
wlasl,DEAF,WLASL_9,14855_0,47,47,1.0,1.88,1.0,0.38,CORRUPT_FRAMES,train__DEAF__WLASL_9__wlasl_14855_0.npz
wlasl,EAT,WLASL_9,18316_0,57,57,1.0,2.28,1.0,1.18,CORRUPT_FRAMES,train__EAT__WLASL_9__wlasl_18316_0.npz
wlasl,HELLO,WLASL_9,27171_0,47,47,1.0,1.88,1.0,0.51,CORRUPT_FRAMES,train__HELLO__WLASL_9__wlasl_27171_0.npz
wlasl,HELP,WLASL_9,27194_0,47,47,1.0,1.88,1.0,0.08,CORRUPT_FRAMES,train__HELP__WLASL_9__wlasl_27194_0.npz
wlasl,HOW,WLASL_9,28187_0,37,37,1.0,1.48,1.0,0.17,CORRUPT_FRAMES,train__HOW__WLASL_9__wlasl_28187_0.npz
wlasl,HURT,WLASL_9,28438_0,37,37,1.0,1.48,1.0,1.03,CORRUPT_FRAMES,train__HURT__WLASL_9__wlasl_28438_0.npz
wlasl,MORE,WLASL_9,36826_0,47,47,1.0,1.88,1.0,0.2,CORRUPT_FRAMES,train__MORE__WLASL_9__wlasl_36826_0.npz
wlasl,NO,WLASL_9,38482_0,80,80,1.0,3.2,1.0,0.02,CORRUPT_FRAMES,train__NO__WLASL_9__wlasl_38482_0.npz
wlasl,PAIN,WLASL_9,40797_0,77,77,1.0,3.08,1.0,-0.71,CORRUPT_FRAMES,train__PAIN__WLASL_9__wlasl_40797_0.npz
wlasl,THANKYOU,WLASL_9,57653_0,47,47,1.0,1.88,1.0,0.33,CORRUPT_FRAMES,train__THANKYOU__WLASL_9__wlasl_57653_0.npz
wlasl,WAIT,WLASL_9,62077_0,63,63,1.0,2.52,1.0,0.05,CORRUPT_FRAMES,train__WAIT__WLASL_9__wlasl_62077_0.npz
wlasl,WATER,WLASL_9,62479_0,53,53,1.0,2.12,1.0,-0.56,CORRUPT_FRAMES,train__WATER__WLASL_9__wlasl_62479_0.npz
wlasl,WHAT,WLASL_9,62944_0,33,33,1.0,1.32,1.0,-0.19,CORRUPT_FRAMES,train__WHAT__WLASL_9__wlasl_62944_0.npz
wlasl,WHERE,WLASL_9,63079_0,60,60,1.0,2.4,1.0,0.76,CORRUPT_FRAMES,train__WHERE__WLASL_9__wlasl_63079_0.npz
wlasl,WHO,WLASL_9,63219_0,77,77,1.0,3.08,1.0,-0.84,CORRUPT_FRAMES,train__WHO__WLASL_9__wlasl_63219_0.npz
wlasl,WHY,WLASL_9,63279_0,73,73,1.0,2.92,1.0,0.56,CORRUPT_FRAMES,train__WHY__WLASL_9__wlasl_63279_0.npz
wlasl,YES,WLASL_9,64275_0,70,70,1.0,2.8,1.0,-0.21,CORRUPT_FRAMES,train__YES__WLASL_9__wlasl_64275_0.npz
wlasl,INTERPRETER,WLASL_9,30256_0,57,67,1.175,2.28,1.0,0.68,CORRUPT_FRAMES,train__INTERPRETER__WLASL_9__wlasl_30256_0.npz
aslcitizen,MORE,P42,35438732511009685-MORE,44,22,0.5,1.45,0.0,-0.55,,test__MORE__P42__35438732511009685-MORE.npz
aslcitizen,NO,P35,8920807082520505-NO,68,34,0.5,2.27,0.0,0.15,,test__NO__P35__8920807082520505-NO.npz
aslcitizen,WHERE,P35,3227845753007452-WHERE,56,28,0.5,1.87,0.0,0.72,,test__WHERE__P35__3227845753007452-WHERE.npz
aslcitizen,DRINK,P16,2597508467759426-DRINK,56,28,0.5,1.87,0.0,-0.05,,train__DRINK__P16__2597508467759426-DRINK.npz
aslcitizen,HELP,P37,9437772948180145-HELP,54,27,0.5,1.8,0.0,0.03,,train__HELP__P37__9437772948180145-HELP.npz
aslcitizen,PLEASE,P37,04515307711600891-PLEASE,60,30,0.5,2.0,0.0,-1.16,,train__PLEASE__P37__04515307711600891-PLEASE.npz
aslcitizen,STOP,P16,9586306157625994-STOP,56,28,0.5,1.83,0.0,-0.34,,train__STOP__P16__9586306157625994-STOP.npz
aslcitizen,WHAT,P16,21224944864749995-WHAT 2,46,23,0.5,1.53,0.0,0.04,,train__WHAT__P16__21224944864749995-WHAT 2.npz
aslcitizen,INTERPRETER,P21,8950421059667071-INTERPRETER,68,34,0.5,2.27,0.0,-0.08,,val__INTERPRETER__P21__8950421059667071-INTERPRETER.npz
aslcitizen,DEAF,P9,35836254848045535-DEAF 2,93,47,0.505,3.06,0.0,-0.81,,test__DEAF__P9__35836254848045535-DEAF 2.npz
aslcitizen,EAT,P9,6221005899165424-EAT 2,105,53,0.505,3.5,0.0,0.78,,test__EAT__P9__6221005899165424-EAT 2.npz
aslcitizen,DRINK,P52,40985347259199356-seedDRINK 2,95,48,0.505,3.05,0.0,-0.39,,train__DRINK__P52__40985347259199356-seedDRINK 2.npz
wlasl,DEAF,WLASL_109,68033_3,85,43,0.506,4.25,0.0,-0.49,,train__DEAF__WLASL_109__wlasl_68033_3.npz
aslcitizen,HURT,P40,16631130373956604-HURT,89,45,0.506,2.98,0.0,-0.19,,train__HURT__P40__16631130373956604-HURT.npz
aslcitizen,MORE,P40,8385294089384643-MORE,81,41,0.506,2.7,0.0,-0.31,,train__MORE__P40__8385294089384643-MORE.npz
aslcitizen,PLEASE,P40,4782730717831809-PLEASE,87,44,0.506,2.9,0.0,0.91,,train__PLEASE__P40__4782730717831809-PLEASE.npz
aslcitizen,DRINK,P35,7536887152060914-DRINK,69,35,0.507,2.3,0.0,-0.08,,test__DRINK__P35__7536887152060914-DRINK.npz
aslcitizen,HELLO,P31,11225598264242453-HELLO,69,35,0.507,2.3,0.0,-0.86,,train__HELLO__P31__11225598264242453-HELLO.npz
aslcitizen,HOW,P33,6496045691880019-HOW 2,152,77,0.507,5.07,0.032,0.55,,train__HOW__P33__6496045691880019-HOW 2.npz
aslcitizen,BYE,P16,5974251648548923-BYE,59,30,0.508,1.97,0.0,-0.09,,train__BYE__P16__5974251648548923-BYE.npz
aslcitizen,HELP,P14,4206186890939383-HELP,65,33,0.508,2.12,0.0,1.56,,train__HELP__P14__4206186890939383-HELP.npz
aslcitizen,DRINK,P17,2980803225080717-DRINK 2,53,27,0.509,1.76,0.0,0.2,,test__DRINK__P17__2980803225080717-DRINK 2.npz
aslcitizen,WHAT,P35,30590478365410667-WHAT 2,55,28,0.509,1.83,0.0,-0.31,,test__WHAT__P35__30590478365410667-WHAT 2.npz
aslcitizen,HELP,P47,9165653074606479-HELP,102,52,0.51,3.29,0.0,0.77,,test__HELP__P47__9165653074606479-HELP.npz
aslcitizen,MORE,P27,013724247293201763-MORE,43,22,0.512,1.43,0.0,-0.7,,train__MORE__P27__013724247293201763-MORE.npz
aslcitizen,WHERE,P40,9574229853297838-WHERE,86,44,0.512,2.87,0.0,0.08,,train__WHERE__P40__9574229853297838-WHERE.npz
aslcitizen,WHO,P40,17383536861491344-WHO,82,42,0.512,2.71,0.0,-0.06,,train__WHO__P40__17383536861491344-WHO.npz
aslcitizen,MORE,P22,6030819884347467-MORE,39,20,0.513,1.3,0.0,-0.27,,test__MORE__P22__6030819884347467-MORE.npz
wlasl,EAT,WLASL_109,68044_3,76,39,0.513,2.53,0.0,0.49,,train__EAT__WLASL_109__wlasl_68044_3.npz
aslcitizen,STOP,P49,564285386999722-STOP,35,18,0.514,2.33,0.143,-0.56,,test__STOP__P49__564285386999722-STOP.npz
aslcitizen,NAME,P9,38747687874121217-NAME,103,53,0.515,3.39,0.0,-0.79,,test__NAME__P9__38747687874121217-NAME.npz
aslcitizen,PLEASE,P30,18053723532999788-PLEASE,97,50,0.515,3.24,0.0,-0.34,,train__PLEASE__P30__18053723532999788-PLEASE.npz
wlasl,EAT,WLASL_118,69307_1,60,31,0.517,2.0,0.0,0.85,,train__EAT__WLASL_118__wlasl_69307_1.npz
aslcitizen,INTERPRETER,P27,5828146321580936-INTERPRETER,58,30,0.517,1.93,0.0,-0.19,,train__INTERPRETER__P27__5828146321580936-INTERPRETER.npz
aslcitizen,MORE,P12,8341336597329694-MORE,58,30,0.517,1.94,0.0,-0.66,,val__MORE__P12__8341336597329694-MORE.npz
aslcitizen,WATER,P17,6604106363350253-WATER,56,29,0.518,1.95,0.0,0.5,,test__WATER__P17__6604106363350253-WATER.npz
aslcitizen,HOW,P35,5356144703822832-HOW 2,54,28,0.519,1.81,0.0,-0.66,,test__HOW__P35__5356144703822832-HOW 2.npz
aslcitizen,WHO,P35,60520933432529-WHO,50,26,0.52,1.67,0.0,-0.98,,test__WHO__P35__60520933432529-WHO.npz
aslcitizen,BATHROOM,P6,3467549992811463-BATHROOM,48,25,0.521,1.6,0.0,0.77,,test__BATHROOM__P6__3467549992811463-BATHROOM.npz
aslcitizen,SORRY,P42,6724466474942836-SORRY,69,36,0.522,2.25,0.0,-0.53,,test__SORRY__P42__6724466474942836-SORRY.npz
aslcitizen,HELLO,P40,0022932153577568393-HELLO,92,48,0.522,3.07,0.0,0.55,,train__HELLO__P40__0022932153577568393-HELLO.npz
aslcitizen,PAIN,P12,5646942405877946-PAIN,46,24,0.522,1.54,0.0,-0.49,,val__PAIN__P12__5646942405877946-PAIN.npz
wlasl,DEAF,WLASL_15,14888_16,65,34,0.523,2.17,0.0,-0.42,,train__DEAF__WLASL_15__wlasl_14888_16.npz
aslcitizen,EAT,P6,41461171624603455-EAT,42,22,0.524,1.4,0.0,0.4,,test__EAT__P6__41461171624603455-EAT.npz
aslcitizen,THANKYOU,P17,4624064779710624-THANK YOU,61,32,0.525,2.14,0.0,0.33,,test__THANKYOU__P17__4624064779710624-THANK YOU.npz
aslcitizen,HELLO,P17,1789715889624135-HELLO,38,20,0.526,1.22,0.0,0.42,,test__HELLO__P17__1789715889624135-HELLO.npz
aslcitizen,SORRY,P9,7585555932220547-SORRY,116,61,0.526,3.82,0.0,0.94,,test__SORRY__P9__7585555932220547-SORRY.npz
wlasl,WATER,WLASL_28,62500_14,110,58,0.527,3.67,0.0,0.32,,train__WATER__WLASL_28__wlasl_62500_14.npz
wlasl,SICK,WLASL_13,51504_8,108,57,0.528,3.6,0.0,-0.23,,train__SICK__WLASL_13__wlasl_51504_8.npz
aslcitizen,DRINK,P26,7331110745964862-DRINK 2,66,35,0.53,2.16,0.0,0.45,,val__DRINK__P26__7331110745964862-DRINK 2.npz
aslcitizen,HELP,P26,8218136220855874-HELP,66,35,0.53,2.17,0.0,0.49,,val__HELP__P26__8218136220855874-HELP.npz
aslcitizen,UNDERSTAND,P17,6605969835390502-UNDERSTAND,49,26,0.531,1.6,0.0,0.51,,test__UNDERSTAND__P17__6605969835390502-UNDERSTAND.npz
aslcitizen,SORRY,P31,675487631009581-SORRY,96,51,0.531,3.2,0.0,-0.51,,train__SORRY__P31__675487631009581-SORRY.npz
aslcitizen,BYE,P17,17487361670794144-BYE,47,25,0.532,1.57,0.0,-0.56,,test__BYE__P17__17487361670794144-BYE.npz
aslcitizen,HOW,P27,8190663704033752-HOW,47,25,0.532,1.57,0.0,-0.34,,train__HOW__P27__8190663704033752-HOW.npz
aslcitizen,YES,P21,9715589334909431-YES,47,25,0.532,1.57,0.0,-0.1,,val__YES__P21__9715589334909431-YES.npz
aslcitizen,WAIT,P22,3372774069388451-WAIT,30,16,0.533,1.0,0.0,-0.6,,test__WAIT__P22__3372774069388451-WAIT.npz
aslcitizen,DEAF,P40,8003732238675179-DEAF,60,32,0.533,1.95,0.0,0.1,,train__DEAF__P40__8003732238675179-DEAF.npz
aslcitizen,PLEASE,P17,9004431867747704-PLEASE,58,31,0.534,1.94,0.0,1.61,,test__PLEASE__P17__9004431867747704-PLEASE.npz
aslcitizen,WHERE,P26,19532533865671398-WHERE,43,23,0.535,1.4,0.0,-1.02,,val__WHERE__P26__19532533865671398-WHERE.npz
aslcitizen,PLEASE,P12,4096147054343935-PLEASE,56,30,0.536,1.84,0.0,2.08,,val__PLEASE__P12__4096147054343935-PLEASE.npz
wlasl,WHY,WLASL_13,63285_5,95,51,0.537,3.17,0.0,-0.39,,train__WHY__WLASL_13__wlasl_63285_5.npz
wlasl,SICK,WLASL_38,51502_6,76,41,0.539,2.54,0.0,-0.42,,train__SICK__WLASL_38__wlasl_51502_6.npz
wlasl,DRINK,WLASL_109,68042_4,87,47,0.54,2.9,0.0,0.69,,train__DRINK__WLASL_109__wlasl_68042_4.npz
aslcitizen,HELP,P17,032534532433647456-HELP,59,32,0.542,1.98,0.0,-0.86,,test__HELP__P17__032534532433647456-HELP.npz
aslcitizen,EAT,P40,33555147348315106-EAT,81,44,0.543,2.7,0.0,-0.14,,train__EAT__P40__33555147348315106-EAT.npz
aslcitizen,YES,P40,1555998439795525-YES,81,44,0.543,2.7,0.0,-0.05,,train__YES__P40__1555998439795525-YES.npz
aslcitizen,HOW,P17,25866202861571086-HOW 2,57,31,0.544,1.84,0.0,-0.74,,test__HOW__P17__25866202861571086-HOW 2.npz
wlasl,PLEASE,WLASL_36,43217_6,77,42,0.545,2.57,0.0,-0.18,,train__PLEASE__WLASL_36__wlasl_43217_6.npz
aslcitizen,HOW,P16,03376426509046859-HOW,64,35,0.547,2.13,0.0,-0.51,,train__HOW__P16__03376426509046859-HOW.npz
wlasl,NO,WLASL_36,38525_9,64,35,0.547,2.14,0.0,0.74,,train__NO__WLASL_36__wlasl_38525_9.npz
aslcitizen,NO,P6,3247833356457248-NO,42,23,0.548,1.4,0.0,1.08,,test__NO__P6__3247833356457248-NO.npz
aslcitizen,EAT,P4,1529448369800237-EAT,78,43,0.551,2.6,0.0,2.09,,train__EAT__P4__1529448369800237-EAT.npz
aslcitizen,SICK,P37,689651243355925-SICK,47,26,0.553,1.53,0.0,-0.35,,train__SICK__P37__689651243355925-SICK.npz
wlasl,WATER,WLASL_19,62499_10,121,67,0.554,5.04,0.0,0.17,,train__WATER__WLASL_19__wlasl_62499_10.npz
aslcitizen,PLEASE,P22,7328260605453549-PLEASE,45,25,0.556,1.5,0.0,0.78,,test__PLEASE__P22__7328260605453549-PLEASE.npz
aslcitizen,DRINK,P27,6275909006677276-DRINK 2,54,30,0.556,1.8,0.0,1.4,,train__DRINK__P27__6275909006677276-DRINK 2.npz
aslcitizen,DEAF,P12,4095802504728605-DEAF,45,25,0.556,1.5,0.0,-0.3,,val__DEAF__P12__4095802504728605-DEAF.npz
aslcitizen,DRINK,P21,8038145060553852-DRINK,45,25,0.556,1.5,0.0,0.0,,val__DRINK__P21__8038145060553852-DRINK.npz
aslcitizen,DRINK,P35,7861742512788061-DRINK 2,61,34,0.557,2.04,0.0,0.28,,test__DRINK__P35__7861742512788061-DRINK 2.npz
aslcitizen,SORRY,P26,9220637121525757-SORRY,79,44,0.557,2.64,0.0,-0.21,,val__SORRY__P26__9220637121525757-SORRY.npz
aslcitizen,PLEASE,P16,95072139344285-PLEASE,68,38,0.559,2.27,0.0,0.52,,train__PLEASE__P16__95072139344285-PLEASE.npz
aslcitizen,BATHROOM,P22,4174529910508753-BATHROOM,25,14,0.56,0.83,0.0,-0.16,,test__BATHROOM__P22__4174529910508753-BATHROOM.npz
aslcitizen,DRINK,P42,9000152796377254-DRINK,50,28,0.56,1.63,0.1,-0.58,,test__DRINK__P42__9000152796377254-DRINK.npz
aslcitizen,SORRY,P6,5157432639091493-SORRY,41,23,0.561,1.37,0.0,0.96,,test__SORRY__P6__5157432639091493-SORRY.npz
wlasl,HOW,WLASL_36,28203_17,80,45,0.562,2.67,0.0,0.56,,train__HOW__WLASL_36__wlasl_28203_17.npz
aslcitizen,INTERPRETER,P31,7988379966512122-INTERPRETER,80,45,0.562,2.67,0.0,-0.61,,train__INTERPRETER__P31__7988379966512122-INTERPRETER.npz
wlasl,HOW,WLASL_8,28201_10,71,40,0.563,2.84,0.0,-0.72,,train__HOW__WLASL_8__wlasl_28201_10.npz
aslcitizen,BYE,P50,9682333715513665-BYE,46,26,0.565,1.53,0.0,-0.25,,train__BYE__P50__9682333715513665-BYE.npz
aslcitizen,DEAF,P21,7371501507543785-DEAF,37,21,0.568,1.23,0.0,-0.22,,val__DEAF__P21__7371501507543785-DEAF.npz
aslcitizen,BATHROOM,P35,6425492078663873-BATHROOM,79,45,0.57,2.63,0.0,0.0,,test__BATHROOM__P35__6425492078663873-BATHROOM.npz
wlasl,EAT,WLASL_0,18323_13,86,49,0.57,3.44,0.056,-0.4,,train__EAT__WLASL_0__wlasl_18323_13.npz
aslcitizen,WHAT,P33,600407709572452-WHAT 2,165,94,0.57,5.52,0.0,-0.5,,train__WHAT__P33__600407709572452-WHAT 2.npz
aslcitizen,HELP,P35,5726113697968809-HELP,63,36,0.571,2.11,0.0,-0.66,,test__HELP__P35__5726113697968809-HELP.npz
wlasl,HELLO,WLASL_121,70017_1,82,47,0.573,2.74,0.235,-0.27,,train__HELLO__WLASL_121__wlasl_70017_1.npz
aslcitizen,HELLO,P12,05614933522741539-HELLO,54,31,0.574,1.8,0.0,0.2,,val__HELLO__P12__05614933522741539-HELLO.npz
aslcitizen,HURT,P35,8907848106357383-HURT,80,46,0.575,2.63,0.0,0.27,,test__HURT__P35__8907848106357383-HURT.npz
aslcitizen,NO,P16,2140134632834978-NO,73,42,0.575,2.43,0.0,0.28,,train__NO__P16__2140134632834978-NO.npz
wlasl,BATHROOM,WLASL_38,58732_7,66,38,0.576,2.2,0.214,0.16,,train__BATHROOM__WLASL_38__wlasl_58732_7.npz
aslcitizen,WHAT,P31,2868793159710059-WHAT 1,90,52,0.578,3.02,0.0,-0.32,,train__WHAT__P31__2868793159710059-WHAT 1.npz
aslcitizen,NAME,P35,9200587270292702-NAME,62,36,0.581,2.07,0.0,-0.77,,test__NAME__P35__9200587270292702-NAME.npz
aslcitizen,DEAF,P16,20310148451590493-DEAF 2,55,32,0.582,1.83,0.0,0.26,,train__DEAF__P16__20310148451590493-DEAF 2.npz
aslcitizen,HOW,P9,9128074318856931-HOW 2,82,48,0.585,2.7,0.0,1.38,,test__HOW__P9__9128074318856931-HOW 2.npz
wlasl,HUNGRY,WLASL_21,28379_8,82,48,0.585,2.73,0.0,0.25,,train__HUNGRY__WLASL_21__wlasl_28379_8.npz
aslcitizen,SORRY,P40,7256673521593155-SORRY,82,48,0.585,2.7,0.0,0.18,,train__SORRY__P40__7256673521593155-SORRY.npz
aslcitizen,SORRY,P35,8284103400294454-SORRY,66,39,0.591,2.2,0.0,-1.07,,test__SORRY__P35__8284103400294454-SORRY.npz
aslcitizen,HUNGRY,P40,08524949524247205-HUNGRY,93,55,0.591,3.11,0.0,0.56,,train__HUNGRY__P40__08524949524247205-HUNGRY.npz
aslcitizen,PLEASE,P35,49277089703101806-PLEASE,59,35,0.593,1.97,0.0,0.27,,test__PLEASE__P35__49277089703101806-PLEASE.npz
aslcitizen,YES,P22,05574938180658928-YES,32,19,0.594,1.07,0.0,0.0,,test__YES__P22__05574938180658928-YES.npz
aslcitizen,SORRY,P22,010369524824967558-SORRY,42,25,0.595,1.4,0.0,0.13,,test__SORRY__P22__010369524824967558-SORRY.npz
wlasl,INTERPRETER,WLASL_21,30258_4,72,43,0.597,2.4,0.0,1.87,,train__INTERPRETER__WLASL_21__wlasl_30258_4.npz
aslcitizen,WATER,P35,0032949557328998402-WATER,68,41,0.603,2.24,0.0,0.07,,test__WATER__P35__0032949557328998402-WATER.npz
wlasl,BATHROOM,WLASL_13,05300_2,106,64,0.604,3.53,0.045,-0.64,,train__BATHROOM__WLASL_13__wlasl_05300_2.npz
wlasl,BATHROOM,WLASL_13,47722_1,106,64,0.604,3.53,0.045,-0.64,,train__BATHROOM__WLASL_13__wlasl_47722_1.npz
aslcitizen,PAIN,P9,09233581892673359-PAIN,112,68,0.607,3.73,0.0,-1.02,,test__PAIN__P9__09233581892673359-PAIN.npz
aslcitizen,PLEASE,P27,9960146118001314-PLEASE,56,34,0.607,1.87,0.0,-0.35,,train__PLEASE__P27__9960146118001314-PLEASE.npz
aslcitizen,SORRY,P16,46389552341659956-SORRY,84,51,0.607,2.8,0.0,0.34,,train__SORRY__P16__46389552341659956-SORRY.npz
aslcitizen,WHAT,P26,986022284412545-WHAT 1,61,37,0.607,1.99,0.0,1.03,,val__WHAT__P26__986022284412545-WHAT 1.npz
aslcitizen,PAIN,P35,7367332930335526-PAIN,74,45,0.608,2.47,0.0,-0.04,,test__PAIN__P35__7367332930335526-PAIN.npz
wlasl,NAME,WLASL_5,37588_5,79,48,0.608,2.63,0.0,-0.35,,train__NAME__WLASL_5__wlasl_37588_5.npz
aslcitizen,BATHROOM,P17,4542019477439472-BATHROOM,46,28,0.609,1.6,0.0,-0.12,,test__BATHROOM__P17__4542019477439472-BATHROOM.npz
wlasl,WHAT,WLASL_13,62970_11,87,53,0.609,2.9,0.0,-0.3,,train__WHAT__WLASL_13__wlasl_62970_11.npz
wlasl,YES,WLASL_109,68192_3,85,52,0.612,3.4,0.0,-0.33,,train__YES__WLASL_109__wlasl_68192_3.npz
wlasl,SICK,WLASL_109,68152_2,75,46,0.613,3.75,0.0,0.7,,train__SICK__WLASL_109__wlasl_68152_2.npz
aslcitizen,INTERPRETER,P22,07890113988148229-INTERPRETER,57,35,0.614,1.9,0.0,-0.59,,test__INTERPRETER__P22__07890113988148229-INTERPRETER.npz
aslcitizen,NO,P17,7931075492698656-NO,57,35,0.614,1.89,0.0,0.65,,test__NO__P17__7931075492698656-NO.npz
wlasl,THANKYOU,WLASL_15,57657_14,65,40,0.615,2.17,0.0,-0.69,,train__THANKYOU__WLASL_15__wlasl_57657_14.npz
aslcitizen,BATHROOM,P20,1183896210194797-BATHROOM,73,45,0.616,2.44,0.067,0.22,,train__BATHROOM__P20__1183896210194797-BATHROOM.npz
aslcitizen,PLEASE,P35,8835822739071177-PLEASE,79,49,0.62,2.64,0.0,-0.75,,test__PLEASE__P35__8835822739071177-PLEASE.npz
aslcitizen,MORE,P17,597060949237564-MORE,61,38,0.623,2.04,0.0,0.99,,test__MORE__P17__597060949237564-MORE.npz
aslcitizen,SORRY,P50,5865603235099206-SORRY,53,33,0.623,1.77,0.0,0.34,,train__SORRY__P50__5865603235099206-SORRY.npz
aslcitizen,WHERE,P6,8728839222341029-WHERE,40,25,0.625,1.33,0.0,0.74,,test__WHERE__P6__8728839222341029-WHERE.npz
aslcitizen,YES,P17,9782863224987515-YES,40,25,0.625,1.37,0.0,-0.05,,test__YES__P17__9782863224987515-YES.npz
wlasl,NO,WLASL_5,38538_27,75,47,0.627,2.62,0.0,0.32,,train__NO__WLASL_5__wlasl_38538_27.npz
aslcitizen,YES,P6,09905526235759088-YES,35,22,0.629,1.17,0.0,-0.01,,test__YES__P6__09905526235759088-YES.npz
wlasl,HELP,WLASL_36,27206_5,70,44,0.629,2.34,0.0,0.03,,train__HELP__WLASL_36__wlasl_27206_5.npz
wlasl,WHO,WLASL_118,69534_1,62,39,0.629,2.07,0.0,-0.36,,train__WHO__WLASL_118__wlasl_69534_1.npz
aslcitizen,WHAT,P23,6316119461023724-WHAT 1,76,48,0.632,2.53,0.0,-0.42,,train__WHAT__P23__6316119461023724-WHAT 1.npz
wlasl,NAME,WLASL_13,37582_11,94,60,0.638,3.13,0.0,-1.41,,train__NAME__WLASL_13__wlasl_37582_11.npz
aslcitizen,INTERPRETER,P31,060176274185742784-INTERPRETER,89,57,0.64,2.97,0.0,0.23,,train__INTERPRETER__P31__060176274185742784-INTERPRETER.npz
aslcitizen,DRINK,P16,972961297591985-DRINK 2,95,61,0.642,3.17,0.0,1.21,,train__DRINK__P16__972961297591985-DRINK 2.npz
aslcitizen,MORE,P9,15807643698153884-MORE,90,58,0.644,3.01,0.0,-0.54,,test__MORE__P9__15807643698153884-MORE.npz
wlasl,WHAT,WLASL_118,69531_1,62,40,0.645,2.07,0.0,-0.33,,train__WHAT__WLASL_118__wlasl_69531_1.npz
aslcitizen,WHY,P21,7508574803030745-WHY,37,24,0.649,1.24,0.0,0.66,,val__WHY__P21__7508574803030745-WHY.npz
wlasl,MORE,WLASL_115,69401_1,81,53,0.654,2.7,0.0,0.27,,train__MORE__WLASL_115__wlasl_69401_1.npz
wlasl,WHY,WLASL_45,63282_17,26,17,0.654,0.87,0.0,-0.42,,train__WHY__WLASL_45__wlasl_63282_17.npz
wlasl,NAME,WLASL_118,69405_1,73,48,0.658,2.44,0.0,0.79,,train__NAME__WLASL_118__wlasl_69405_1.npz
wlasl,PLEASE,WLASL_15,43220_10,79,52,0.658,2.63,0.0,0.07,,train__PLEASE__WLASL_15__wlasl_43220_10.npz
wlasl,PAIN,WLASL_13,40803_4,88,58,0.659,2.93,0.0,-1.2,,train__PAIN__WLASL_13__wlasl_40803_4.npz
wlasl,WHO,WLASL_111,68183_3,50,33,0.66,1.67,0.0,-0.43,,train__WHO__WLASL_111__wlasl_68183_3.npz
wlasl,YES,WLASL_15,64288_20,53,35,0.66,1.77,0.0,-0.05,,train__YES__WLASL_15__wlasl_64288_20.npz
aslcitizen,PLEASE,P26,05859480723249688-PLEASE,53,35,0.66,1.73,0.0,-0.37,,val__PLEASE__P26__05859480723249688-PLEASE.npz
aslcitizen,NO,P21,8323715285073319-NO,59,39,0.661,1.97,0.0,0.21,,val__NO__P21__8323715285073319-NO.npz
wlasl,YES,WLASL_118,69546_1,71,47,0.662,2.37,0.0,-0.3,,train__YES__WLASL_118__wlasl_69546_1.npz
aslcitizen,DEAF,P6,9319298873644923-DEAF,57,38,0.667,1.9,0.0,1.76,,test__DEAF__P6__9319298873644923-DEAF.npz
wlasl,MORE,WLASL_13,36830_3,60,40,0.667,2.0,0.0,-0.52,,train__MORE__WLASL_13__wlasl_36830_3.npz
wlasl,WHERE,WLASL_110,68181_1,87,58,0.667,2.9,0.0,0.83,,train__WHERE__WLASL_110__wlasl_68181_1.npz
aslcitizen,SORRY,P35,1812960858393966-SORRY,73,49,0.671,2.44,0.0,0.29,,test__SORRY__P35__1812960858393966-SORRY.npz
wlasl,UNDERSTAND,WLASL_13,60547_9,79,53,0.671,2.63,0.0,0.18,,train__UNDERSTAND__WLASL_13__wlasl_60547_9.npz
wlasl,UNDERSTAND,WLASL_15,60548_11,76,51,0.671,2.53,0.062,0.7,,train__UNDERSTAND__WLASL_15__wlasl_60548_11.npz
wlasl,WATER,WLASL_13,62503_17,82,55,0.671,2.73,0.0,-0.57,,train__WATER__WLASL_13__wlasl_62503_17.npz
aslcitizen,BATHROOM,P48,8138931441990784-BATHROOM,49,33,0.673,1.63,0.0,-0.32,,test__BATHROOM__P48__8138931441990784-BATHROOM.npz
aslcitizen,BATHROOM,P49,026579710670746826-BATHROOM,34,23,0.676,1.13,0.0,0.38,,test__BATHROOM__P49__026579710670746826-BATHROOM.npz
wlasl,NO,WLASL_109,68110_2,111,75,0.676,4.43,0.0,0.47,,train__NO__WLASL_109__wlasl_68110_2.npz
wlasl,HURT,WLASL_36,28440_17,75,51,0.68,2.5,0.0,0.79,,train__HURT__WLASL_36__wlasl_28440_17.npz
aslcitizen,NO,P49,2732741727030885-NO,44,30,0.682,1.47,0.0,0.13,,test__NO__P49__2732741727030885-NO.npz
wlasl,WATER,WLASL_109,68179_1,67,46,0.687,3.35,0.0,0.78,,train__WATER__WLASL_109__wlasl_68179_1.npz
wlasl,HOW,WLASL_21,28205_4,65,45,0.692,2.17,0.0,-0.93,,train__HOW__WLASL_21__wlasl_28205_4.npz
wlasl,NO,WLASL_118,69411_1,66,46,0.697,2.2,0.0,0.74,,train__NO__WLASL_118__wlasl_69411_1.npz
wlasl,WAIT,WLASL_13,62103_7,89,62,0.697,2.97,0.0,0.08,,train__WAIT__WLASL_13__wlasl_62103_7.npz
aslcitizen,STOP,P22,10938335699122836-STOP,57,40,0.702,0.95,0.0,-0.69,,test__STOP__P22__10938335699122836-STOP.npz
wlasl,DEAF,WLASL_59,14887_15,61,43,0.705,2.03,0.077,-0.0,,train__DEAF__WLASL_59__wlasl_14887_15.npz
aslcitizen,SORRY,P49,7965960158855614-SORRY,41,29,0.707,1.37,0.0,0.31,,test__SORRY__P49__7965960158855614-SORRY.npz
wlasl,DRINK,WLASL_115,69302_0,76,54,0.711,2.54,0.0,-0.63,,train__DRINK__WLASL_115__wlasl_69302_0.npz
wlasl,PAIN,WLASL_5,40808_9,88,63,0.716,2.94,0.0,-0.02,,train__PAIN__WLASL_5__wlasl_40808_9.npz
wlasl,YES,WLASL_13,64287_2,67,48,0.716,2.23,0.0,-0.4,,train__YES__WLASL_13__wlasl_64287_2.npz
wlasl,NO,WLASL_13,38529_15,106,76,0.717,3.53,0.045,0.37,,train__NO__WLASL_13__wlasl_38529_15.npz
wlasl,WHO,WLASL_13,63231_13,92,66,0.717,3.07,0.0,2.59,,train__WHO__WLASL_13__wlasl_63231_13.npz
wlasl,WHO,WLASL_6,63228_10,39,28,0.718,1.3,0.0,1.32,,train__WHO__WLASL_6__wlasl_63228_10.npz
aslcitizen,SORRY,P17,8594289353554898-SORRY,61,44,0.721,2.08,0.0,1.13,,test__SORRY__P17__8594289353554898-SORRY.npz
aslcitizen,INTERPRETER,P23,6078622581352742-INTERPRETER,91,66,0.725,3.04,0.0,-0.02,,train__INTERPRETER__P23__6078622581352742-INTERPRETER.npz
wlasl,THANKYOU,WLASL_13,57656_13,67,49,0.731,2.23,0.0,-0.96,,train__THANKYOU__WLASL_13__wlasl_57656_13.npz
wlasl,STOP,WLASL_13,54925_1,60,44,0.733,2.0,0.0,-0.75,,train__STOP__WLASL_13__wlasl_54925_1.npz
aslcitizen,PLEASE,P6,3584447878251358-PLEASE,34,25,0.735,1.14,0.0,2.77,,test__PLEASE__P6__3584447878251358-PLEASE.npz
wlasl,HELP,WLASL_17,27209_8,58,43,0.741,1.93,0.0,-0.54,,train__HELP__WLASL_17__wlasl_27209_8.npz
wlasl,WHO,WLASL_6,63227_9,35,26,0.743,1.17,0.0,-0.42,,train__WHO__WLASL_6__wlasl_63227_9.npz
aslcitizen,WHAT,P31,18362037497753203-WHAT 2,90,67,0.744,3.0,0.0,-0.33,,train__WHAT__P31__18362037497753203-WHAT 2.npz
aslcitizen,WHAT,P15,8745067191819265-WHAT 2,150,112,0.747,5.0,0.0,0.85,,test__WHAT__P15__8745067191819265-WHAT 2.npz
wlasl,WAIT,WLASL_38,62098_2,82,64,0.78,2.74,0.0,0.54,,train__WAIT__WLASL_38__wlasl_62098_2.npz
wlasl,NO,WLASL_15,38530_16,52,41,0.788,1.73,0.0,-0.13,,train__NO__WLASL_15__wlasl_38530_16.npz
aslcitizen,WHAT,P17,22798502572928414-WHAT 1,57,45,0.789,1.85,0.0,-0.29,,test__WHAT__P17__22798502572928414-WHAT 1.npz
wlasl,HELP,WLASL_115,69364_1,74,59,0.797,2.47,0.0,-1.25,,train__HELP__WLASL_115__wlasl_69364_1.npz
wlasl,BATHROOM,WLASL_13,58734_9,70,56,0.8,2.33,0.0,-0.64,,train__BATHROOM__WLASL_13__wlasl_58734_9.npz
wlasl,NAME,WLASL_111,68106_3,56,46,0.821,1.87,0.0,-1.18,,train__NAME__WLASL_111__wlasl_68106_3.npz
wlasl,PLEASE,WLASL_115,69434_1,85,71,0.835,2.84,0.0,-1.0,,train__PLEASE__WLASL_115__wlasl_69434_1.npz
wlasl,PLEASE,WLASL_13,43219_9,79,68,0.861,2.63,0.0,-1.05,,train__PLEASE__WLASL_13__wlasl_43219_9.npz
wlasl,HOW,WLASL_115,69370_1,89,77,0.865,2.97,0.0,0.19,,train__HOW__WLASL_115__wlasl_69370_1.npz
wlasl,SORRY,WLASL_13,53367_11,79,73,0.924,2.63,0.0,-0.56,,train__SORRY__WLASL_13__wlasl_53367_11.npz
aslcitizen,WHO,P22,06061818404678454-WHO,45,45,1.0,1.5,0.0,1.74,,test__WHO__P22__06061818404678454-WHO.npz
